,subcelltypem
AAACGAAGTAAGAACT-1_1, NK
AAAGAACAGAGGTATT-1_1, Naive
AAAGGATTCCGACAGC-1_1, Naive
AAAGGGCAGTTGCTGT-1_1, Prolif.T
AAAGGTACAGAAGCTG-1_1, Naive
AAAGTCCCAAACTGCT-1_1, Naive
AAAGTGACACGTGAGA-1_1, NK
AACCAACCAGCTGCCA-1_1, Naive
AACCAACTCGACATCA-1_1, gdT
AACCCAAAGTCCTACA-1_1, NK
AACCTGACACGCACCA-1_1, Mast
AACGAAATCCGATAAC-1_1, Naive
AACGGGACAGCTGAGA-1_1, gdT
AACGGGATCCTAAACG-1_1, Naive
AACGTCACACACTTAG-1_1, Naive
AACTTCTCACTACCGG-1_1, gdT
AAGAACAGTACCTTCC-1_1, gdT
AAGACAACACTTACAG-1_1, Th2
AAGACTCAGCACTCCG-1_1, Th1
AAGATAGAGAAGTCCG-1_1, Th1
AAGATAGTCTCTATGT-1_1, gdT
AAGCATCCAAGATTGA-1_1, gdT
AAGCGAGTCGAGTCCG-1_1, Naive
AAGCGTTAGGTACATA-1_1, NK
AAGGTAAAGGCGCTCT-1_1, Naive
AAGTCGTCAACATACC-1_1, NK
AAGTCGTTCCGGGACT-1_1, NK
AATAGAGTCCCGAACG-1_1, NK
AATCACGAGATCCAAA-1_1, Naive
AATCACGCACCATTCC-1_1, Naive
AATCGACAGATGAATC-1_1, NK
AATCGACTCAGCGGAA-1_1, Naive
AATCGACTCGAGGCAA-1_1, Naive
AATGACCAGCCACAAG-1_1, Naive
AATGCCACACAGTACT-1_1, Naive
AATGCCACACAGTCGC-1_1, NK
AATGCCACAGCAGTGA-1_1, Mast
AATGGCTCAGCCGTTG-1_1, Naive
AATGGCTGTTCGTACA-1_1, Mast
AATGGCTTCTTACACT-1_1, Th1
AATTCCTAGACCATTC-1_1, Naive
AATTTCCTCGGTCAGC-1_1, gdT
ACACAGTCAGAACATA-1_1, Mast
ACACAGTGTGAGACCA-1_1, Prolif.T
ACACAGTGTTTCTATC-1_1, Mast
ACAGAAAGTAATTGGA-1_1, gdT
ACAGCCGCACAACGCC-1_1, gdT
ACAGCCGGTTGGACCC-1_1, NK
ACATCCCCAGTGTACT-1_1, Th1
ACATCCCGTGACGTCC-1_1, Th1
ACATGCAGTGCCCGTA-1_1, Naive
ACCAAACAGCAGTCTT-1_1, gdT
ACCAAACAGGGCAGTT-1_1, gdT
ACCCAAAAGCCGCACT-1_1, gdT
ACCCAAATCGTGGCTG-1_1, NK
ACCCTCAGTTTACGAC-1_1, Naive
ACCCTTGAGACTCATC-1_1, Naive
ACCGTTCGTGATTCAC-1_1, Th1
ACCTACCTCCAGCTCT-1_1, Naive
ACCTGAACAGGAACCA-1_1, Naive
ACCTGTCAGCTCATAC-1_1, Naive
ACGATCAAGACAAGCC-1_1, gdT
ACGATCAGTGTAGCAG-1_1, NK
ACGATGTGTGTGACCC-1_1, Naive
ACGCACGCAGAACTTC-1_1, gdT
ACGCACGCAGATCCTA-1_1, Th1
ACGGAAGCAACCGTGC-1_1, Naive
ACGGAAGCACTCTAGA-1_1, Naive
ACGGAAGTCCACATAG-1_1, Naive
ACGGGTCGTGTCCGGT-1_1, Th2
ACGGGTCTCCACGTCT-1_1, gdT
ACGGTCGTCCACGGGT-1_1, Th1
ACGTCCTTCTATCGGA-1_1, gdT
ACTACGACACATTCGA-1_1, Naive
ACTATGGTCACGAGGA-1_1, gdT
ACTATTCAGGCTCAAG-1_1, Naive
ACTCTCGAGCTCTGTA-1_1, NK
ACTCTCGTCGAGTGGA-1_1, Naive
ACTGTGACATGATAGA-1_1, Naive
ACTTATCCATCCTAAG-1_1, Naive
ACTTCCGCAACGAGGT-1_1, NK
ACTTCGCCAAACCACT-1_1, Naive
ACTTCGCGTGCCTGAC-1_1, gdT
AGAAATGAGTAACCGG-1_1, Naive
AGAAATGCACCAGACC-1_1, gdT
AGAAATGGTTACACAC-1_1, Th1
AGAACCTCAACCACGC-1_1, NK
AGAAGCGCACGCGCAT-1_1, gdT
AGAAGCGCATCATTGG-1_1, gdT
AGAAGTATCAGTCATG-1_1, gdT
AGACACTCAAACTAGA-1_1, Naive
AGACAGGAGGTCCCTG-1_1, Naive
AGACAGGAGTCTCCTC-1_1, Naive
AGAGAATGTAGGACCA-1_1, NK
AGAGAGCTCTTCCTAA-1_1, NK
AGAGCAGCAAGTCCAT-1_1, NK
AGCCAATGTACCCGCA-1_1, NK
AGCCACGTCTCACGAA-1_1, NK
AGCGATTCAGTTCCAA-1_1, gdT
AGCGATTTCTAACGCA-1_1, Mast
AGCGCTGCAGTCGCTG-1_1, Naive
AGCGTATGTGAAAGTT-1_1, gdT
AGCTACATCGCATTGA-1_1, gdT
AGCTCAAGTGGAAGTC-1_1, Naive
AGGAAATGTGAGCCAA-1_1, gdT
AGGAATATCGTCTAAG-1_1, NK
AGGACGAGTATCCTCC-1_1, Naive
AGGAGGTTCGCATGAT-1_1, Naive
AGGATAATCGTGCATA-1_1, Naive
AGGATCTAGCAAATGT-1_1, NK
AGGCATTCAACTCCCT-1_1, gdT
AGGCATTGTCCCTGAG-1_1, Naive
AGGCCACCAAGCGCTC-1_1, Naive
AGGCTGCTCGGCTGAC-1_1, Naive
AGGGCCTGTGGATTTC-1_1, Naive
AGGGCCTTCTACCACC-1_1, NK
AGGGCTCAGTCATACC-1_1, gdT
AGGGTCCAGACCTCAT-1_1, NK
AGGGTTTGTCGCTTAA-1_1, gdT
AGGGTTTGTGTATTGC-1_1, Naive
AGGTCTACACTTACAG-1_1, Th2
AGGTCTAGTGGCAGAT-1_1, Naive
AGTAACCCAAGACGAC-1_1, NK
AGTAACCGTTGTTGCA-1_1, Prolif.T
AGTACCAGTCCTCATC-1_1, Th1
AGTACCATCGACGATT-1_1, Naive
AGTACTGGTGTCCGTG-1_1, Naive
AGTAGCTAGACTCGAG-1_1, Th1
AGTAGCTTCGTTCAGA-1_1, gdT
AGTCAACCAACAGAGC-1_1, Naive
AGTCAACTCCACTGGG-1_1, Th2
AGTCAACTCCCATGGG-1_1, Naive
AGTCACAAGTGCCCGT-1_1, Naive
AGTCTCCCATTCTCTA-1_1, Naive
AGTGTTGAGCCATCCG-1_1, Th1
AGTTCCCTCCCATTTA-1_1, Naive
AGTTCGACACGGATCC-1_1, Naive
AGTTCGAGTGGTCTTA-1_1, Naive
ATACCTTAGGCACTCC-1_1, Prolif.T
ATACCTTAGTGCGCTC-1_1, Th2
ATACCTTCAGTGTATC-1_1, NK
ATACTTCCACCTTCGT-1_1, NK
ATAGAGAAGGTGAGCT-1_1, Naive
ATAGGCTTCTATTTCG-1_1, gdT
ATATCCTGTTGGAGGT-1_1, Naive
ATCACAGCAAGACGAC-1_1, Naive
ATCACAGCATGTGGTT-1_1, Th1
ATCACGATCACCGGTG-1_1, Naive
ATCCATTAGTCGTCTA-1_1, Mast
ATCCATTTCTTAGGAC-1_1, NK
ATCCCTGCAACGTTAC-1_1, gdT
ATCCCTGCACGGGTAA-1_1, Naive
ATCCGTCAGAGAGTGA-1_1, NK
ATCCGTCTCTAAGGAA-1_1, Naive
ATCGATGAGAGCATTA-1_1, Th1
ATCGGATGTCACAGTT-1_1, Naive
ATCGTAGAGAAACTCA-1_1, NK
ATCGTGAAGTCATACC-1_1, gdT
ATCTCTAGTGACTATC-1_1, gdT
ATCTTCATCACCATCC-1_1, Th1
ATGAAAGGTTGCTGAT-1_1, NK
ATGAGGGCAGTACTAC-1_1, Naive
ATGAGTCCATGTTTGG-1_1, Naive
ATGATCGGTCACCGAC-1_1, Th1
ATGATCGGTTCTCGCT-1_1, Naive
ATGATCGTCTGGAAGG-1_1, Naive
ATGCATGCAGAAACCG-1_1, NK
ATGCCTCCAGTCGCAC-1_1, Naive
ATGCCTCGTGCTGCAC-1_1, Naive
ATGCGATAGCTTACGT-1_1, Th1
ATGGGAGCAATCTGCA-1_1, Naive
ATGGGTTAGGAAAGGT-1_1, NK
ATGGTTGAGGACATCG-1_1, Th2
ATGGTTGCAATTGCTG-1_1, Th1
ATGTCTTCAATTGGTC-1_1, Naive
ATTACCTAGCATGTTC-1_1, Prolif.T
ATTACCTTCCTCGCAT-1_1, NK
ATTACTCAGCAGCAGT-1_1, gdT
ATTACTCGTTAAAGTG-1_1, gdT
ATTCACTCAGGTCCGT-1_1, Naive
ATTCAGGCAATACGAA-1_1, gdT
ATTCAGGCAGGAAGTC-1_1, gdT
ATTCCATCAATAGAGT-1_1, Naive
ATTCCTACATTAGGCT-1_1, Naive
ATTGGGTGTGAATAAC-1_1, gdT
ATTTCACAGATCACCT-1_1, gdT
CAAAGAAAGGGTTGCA-1_1, Th1
CAACAACCAAGGATGC-1_1, Naive
CAACCTCCACACCGAC-1_1, Naive
CAACCTCTCTCTCTAA-1_1, Naive
CAACGATAGCGACTTT-1_1, NK
CAACGATAGCGTCAAG-1_1, gdT
CAACGATTCGTCTCAC-1_1, Naive
CAACGGCAGTATGCAA-1_1, Mast
CAAGAGGCACAGCGCT-1_1, gdT
CAAGCTACAAGAAACT-1_1, Th1
CAAGCTACATACACCA-1_1, NK
CAAGGGATCAGCTTCC-1_1, gdT
CAAGGGATCGCGCCAA-1_1, Naive
CAATCGAGTATCGTGT-1_1, Naive
CAATCGATCTTCACGC-1_1, Th2
CAATTTCGTCCGGTGT-1_1, Naive
CACAACATCCACACAA-1_1, Naive
CACACAAGTGTCTAAC-1_1, Naive
CACATGATCCTTGAAG-1_1, Naive
CACCGTTCAGAATGTA-1_1, gdT
CACGAATGTGCTGATT-1_1, NK
CACGGGTAGACTGGGT-1_1, Naive
CACGGGTAGCTTAAGA-1_1, Th1
CACGTGGCAAGTATAG-1_1, Naive
CACGTGGCATTCCTAT-1_1, Th2
CACTAAGTCCTCGATC-1_1, Naive
CACTGAAAGCCGTTAT-1_1, NK
CACTGAACAATGTCAC-1_1, NK
CACTGAAGTACGATGG-1_1, gdT
CACTGGGTCGTGCTCT-1_1, gdT
CACTGTCAGTTCCTGA-1_1, NK
CAGAGCCAGGCTCCCA-1_1, Naive
CAGAGCCGTGTCATTG-1_1, Naive
CAGATACAGCTCCATA-1_1, Naive
CAGATACTCCGGACTG-1_1, Naive
CAGATTGTCGCTGTCT-1_1, Naive
CAGCCAGGTCCGGCAT-1_1, gdT
CAGCGTGCAACCGATT-1_1, Th2
CAGCGTGGTGATGTAA-1_1, Th1
CAGGGCTGTGTCCACG-1_1, gdT
CAGGGCTTCCTAGCCT-1_1, gdT
CAGGTATGTCTAACGT-1_1, gdT
CAGTGCGTCTTTGCAT-1_1, gdT
CAGTTAGGTCTTGGTA-1_1, Mast
CAGTTCCGTGATCGTT-1_1, gdT
CAGTTCCTCTGATGGT-1_1, Naive
CATACTTTCGCATAGT-1_1, gdT
CATAGACTCTCTGGTC-1_1, Naive
CATCAAGGTTAGAGAT-1_1, Naive
CATCCCAGTCGTTCAA-1_1, Naive
CATCCCAGTCTCTCCA-1_1, Mast
CATCGTCCACTCCTGT-1_1, gdT
CATGAGTAGTGGCGAT-1_1, Naive
CATGCGGCATTAGGAA-1_1, Naive
CATGGATAGGCGTCCT-1_1, NK
CATGGATCAAGCCATT-1_1, gdT
CATGGTAAGTTAGAAC-1_1, gdT
CATGGTACACGCGTCA-1_1, Naive
CATGGTAGTGCACGCT-1_1, gdT
CATGGTATCTTCCCGA-1_1, Th2
CATTCATGTGGTTTAC-1_1, Naive
CATTCATTCGGAAACG-1_1, Th1
CATTGCCAGACTCCGC-1_1, Naive
CATTGTTCAAGAGATT-1_1, Mast
CATTGTTCACCTTCGT-1_1, gdT
CCAATTTCACGCTTAA-1_1, NK
CCACCATTCCCTCTCC-1_1, Naive
CCACGAGCACCAATTG-1_1, Th2
CCACGTTTCACCATAG-1_1, Naive
CCACTTGGTGTAGTGG-1_1, Th2
CCATCACCATCAGCAT-1_1, gdT
CCATCACTCAACGCTA-1_1, gdT
CCCGGAACAGCGACCT-1_1, Prolif.T
CCCTAACAGGCATTTC-1_1, Naive
CCCTGATCAAGCGAAC-1_1, gdT
CCCTTAGGTAGCCAGA-1_1, Naive
CCGAACGCAGTGCGCT-1_1, NK
CCGATCTAGATAACAC-1_1, Naive
CCGATCTAGTGCTAGG-1_1, gdT
CCGATCTAGTTGGCTT-1_1, Naive
CCGATCTTCACCCATC-1_1, gdT
CCGATGGTCCTGCCAT-1_1, gdT
CCGCAAGGTTGCATTG-1_1, Th1
CCGGTGAAGAGTATAC-1_1, Th1
CCGTTCATCTACACAG-1_1, Naive
CCTAACCCAGTTTCGA-1_1, gdT
CCTATCGTCGATTGAC-1_1, Naive
CCTCACAAGATTACCC-1_1, gdT
CCTCAGTCAATAGTCC-1_1, Naive
CCTCCTCAGCAGGCAT-1_1, gdT
CCTGCATTCGACCTAA-1_1, Th2
CCTTCAGAGTACCGGA-1_1, gdT
CCTTCAGTCCATCTCG-1_1, gdT
CCTTTGGTCCTTGACC-1_1, Naive
CGAAGTTCATCGAAGG-1_1, gdT
CGAATTGAGTATCTGC-1_1, Naive
CGAGAAGCAGAAGCGT-1_1, Naive
CGAGGAACATGTCAGT-1_1, Th1
CGAGTTAGTGCTGTCG-1_1, Naive
CGATGCGCAACTGATC-1_1, Th2
CGATGCGGTGAAAGTT-1_1, Naive
CGATGCGTCGAAGGAC-1_1, Naive
CGATGGCAGAATTTGG-1_1, gdT
CGATGGCAGCTGCGAA-1_1, gdT
CGATGGCCACAATGTC-1_1, Naive
CGATGGCCACATGACT-1_1, Naive
CGCATAAAGCTGTGCC-1_1, Naive
CGCCAGAGTCCCGCAA-1_1, Th2
CGCCATTGTGATCGTT-1_1, Naive
CGCCATTTCGCGCTGA-1_1, NK
CGCGTGAGTGATTAGA-1_1, NK
CGGAACCTCGGTTCAA-1_1, gdT
CGGAATTCAGGTGGAT-1_1, NK
CGGAATTTCTACGCAA-1_1, Prolif.T
CGGACACCATAAGCGG-1_1, gdT
CGGACACGTTTCACTT-1_1, gdT
CGGACACTCCCTTGGT-1_1, Naive
CGGGCATAGCCGCACT-1_1, Naive
CGGGTCAAGTAGCATA-1_1, NK
CGGGTCAGTTCAGTAC-1_1, NK
CGTAATGTCCTATTTG-1_1, NK
CGTGCTTCAGTTGAAA-1_1, gdT
CGTTAGATCGGTAAGG-1_1, Naive
CGTTGGGAGACCACGA-1_1, NK
CTAACCCCAGCTAACT-1_1, Th2
CTAACTTAGGACAGCT-1_1, gdT
CTAACTTGTCATCGGC-1_1, Naive
CTAAGTGCACTTGAAC-1_1, Naive
CTACAGACAGTGTGGA-1_1, gdT
CTACATTGTTGCAAGG-1_1, Naive
CTACCCATCGTTCTGC-1_1, Naive
CTACGGGAGAGGATCC-1_1, NK
CTACGGGAGGACTTCT-1_1, Naive
CTACGGGCACACTGGC-1_1, Naive
CTACGGGCATGACTGT-1_1, Th2
CTACTATGTCCGTACG-1_1, gdT
CTAGGTACAAAGCACG-1_1, Naive
CTATAGGCAGAATGTA-1_1, NK
CTATCCGTCCACAGGC-1_1, gdT
CTATCTAAGAAGGCTC-1_1, Naive
CTCAAGAGTTATGACC-1_1, NK
CTCAATTAGACTTCAC-1_1, Naive
CTCAATTCAGAGCCCT-1_1, Naive
CTCAATTGTCAGATTC-1_1, Th1
CTCAGAACATTGTACG-1_1, gdT
CTCAGGGCAAGAGTGC-1_1, Naive
CTCATCGCAAGGGCAT-1_1, NK
CTCCAACCAACCCTCT-1_1, Naive
CTCGAGGAGTCATGAA-1_1, Naive
CTCTCAGTCCCGTTCA-1_1, Naive
CTGAATGTCGCGCCAA-1_1, Naive
CTGAGCGTCTCCCATG-1_1, Th1
CTGCAGGGTACGGTTT-1_1, Th2
CTGCCATGTATCTCGA-1_1, Prolif.T
CTGCCTATCCGGCAAC-1_1, Prolif.T
CTGCTCAAGCCTTCTC-1_1, NK
CTGTACCAGTGGTGGT-1_1, Naive
CTGTACCCAGCGGTTC-1_1, Naive
CTGTATTAGCCTCAGC-1_1, gdT
CTGTATTTCAAGTTGC-1_1, NK
CTGTCGTAGTGGCGAT-1_1, Naive
CTGTGAACAACCCTAA-1_1, gdT
CTGTGAAGTACTAACC-1_1, NK
CTGTGAAGTGTTCCAA-1_1, gdT
CTTACCGAGTATGGCG-1_1, Naive
CTTCAATTCCGATGTA-1_1, Naive
CTTCCGACAGCTGTGC-1_1, Naive
CTTCCTTTCTGAGCAT-1_1, gdT
CTTCGGTTCCCGAACG-1_1, gdT
GAAACCTCATTCCTAT-1_1, NK
GAAATGAAGAAACTAC-1_1, Naive
GAAATGAAGTGACCTT-1_1, Naive
GAACACTGTCTCCTGT-1_1, Mast
GAACGTTAGCTTACGT-1_1, Naive
GAACGTTGTTGGCCTG-1_1, NK
GAACGTTTCTAGAACC-1_1, Th2
GAACTGTGTCGAAACG-1_1, gdT
GAACTGTGTGTAGTGG-1_1, Naive
GAACTGTTCCCAAGTA-1_1, gdT
GAAGAATAGTCCGCGT-1_1, gdT
GAAGGACCAATCTCTT-1_1, Naive
GAAGTAAAGTGAGCCA-1_1, Naive
GAAGTAATCAAGAATG-1_1, Mast
GAAGTAATCGGTCTGG-1_1, Naive
GAAGTAATCTGGAGAG-1_1, gdT
GAATAGAAGTATGTAG-1_1, Naive
GACAGCCCACGTCGGT-1_1, NK
GACATCAAGTAAGACT-1_1, NK
GACCAATGTACGATTC-1_1, Naive
GACCCAGTCCCTATTA-1_1, Naive
GACCGTGCACCAAATC-1_1, Naive
GACCTTCAGTATGATG-1_1, Naive
GACCTTCCACTCAAGT-1_1, Prolif.T
GACGCTGTCTCTATAC-1_1, Th2
GACTCTCCATTCGATG-1_1, Naive
GAGAAATCAACCCTCT-1_1, Naive
GAGACTTGTTGTGTTG-1_1, NK
GAGAGGTTCCGAGTGC-1_1, Naive
GAGCTGCAGTACTCGT-1_1, Naive
GAGCTGCCAGCTGTGC-1_1, Naive
GAGCTGCTCTTGCGCT-1_1, Naive
GAGGCAACAATTCGTG-1_1, Naive
GAGGCCTCAGATCATC-1_1, Naive
GAGTGAGCAGAGAATT-1_1, Th2
GAGTGTTAGATGCTAA-1_1, NK
GAGTGTTCAATGAGCG-1_1, Naive
GAGTTTGCAAATGATG-1_1, gdT
GAGTTTGCATGATAGA-1_1, Th2
GAGTTTGTCGAGAGAC-1_1, gdT
GATAGCTGTTGGGATG-1_1, Th2
GATCAGTTCACTGGGC-1_1, gdT
GATCCCTAGACGGTTG-1_1, NK
GATCCCTTCAGTCATG-1_1, Naive
GATGACTTCATGGTAC-1_1, Naive
GATGAGGCATAGCTGT-1_1, Naive
GATGGAGTCCCATAAG-1_1, gdT
GATTCGAAGATGTTCC-1_1, Naive
GATTCGAAGTGCGACA-1_1, gdT
GATTCGACAAGAGAGA-1_1, Mast
GATTCGATCCGGCAGT-1_1, gdT
GCAACCGAGCAAATCA-1_1, Prolif.T
GCACGGTAGGACAGCT-1_1, Th1
GCAGCCATCCACGTGG-1_1, Naive
GCAGTTACATGTGTCA-1_1, Prolif.T
GCAGTTACATTAAAGG-1_1, Naive
GCATGATAGCCGATTT-1_1, Th2
GCATTAGTCGGAAACG-1_1, Naive
GCCAACGGTGTCACAT-1_1, NK
GCCATGGAGTGGCAGT-1_1, NK
GCCATTCAGACGCATG-1_1, Naive
GCCGATGCAGTCTGGC-1_1, Naive
GCCGTGAGTTGTTGAC-1_1, Naive
GCGAGAATCCGATCTC-1_1, Mast
GCGATCGTCTCTCTTC-1_1, Naive
GCGGAAACACCCAATA-1_1, gdT
GCGGAAAGTCGCGTCA-1_1, Prolif.T
GCGTGCAAGCTAGATA-1_1, Naive
GCGTTTCTCCATAAGC-1_1, Naive
GCTACCTGTATGGAGC-1_1, Naive
GCTCAAACAGTTAAAG-1_1, gdT
GCTGAATAGTCTCTGA-1_1, NK
GCTGCAGCAAGGTACG-1_1, NK
GCTGCAGTCATGTCAG-1_1, Naive
GCTTCACAGGCTGTAG-1_1, NK
GGAACCCCAAGAGCTG-1_1, gdT
GGAACCCCAAGTACCT-1_1, NK
GGAAGTGAGAGTATAC-1_1, Naive
GGAAGTGAGGCGACAT-1_1, gdT
GGAAGTGCAGTCAGAG-1_1, NK
GGAAGTGTCGGCCTTT-1_1, Mast
GGAATCTAGTAGCATA-1_1, gdT
GGAATCTTCGCGTGAC-1_1, Naive
GGAATCTTCTTTCCGG-1_1, Naive
GGACGTCGTGAATAAC-1_1, Naive
GGACGTCTCCAAGCTA-1_1, Naive
GGAGAACTCCACAAGT-1_1, Naive
GGAGGATTCCCTCGTA-1_1, NK
GGAGGTAGTATGTCCA-1_1, gdT
GGATCTAAGCAACAAT-1_1, gdT
GGATCTATCTGGTCAA-1_1, NK
GGATGTTCACTACTTT-1_1, Th1
GGCGTCAAGGCTGGAT-1_1, NK
GGCTGTGGTCTCGACG-1_1, Naive
GGCTGTGTCCGCAAAT-1_1, Naive
GGCTTGGGTGACAACG-1_1, Mast
GGCTTTCCACTGTCGG-1_1, Th1
GGGACAAAGGCTGAAC-1_1, Th2
GGGACAACAGCACAAG-1_1, Naive
GGGAGATTCCCTAGGG-1_1, gdT
GGGATCCCAGGCGATA-1_1, Th2
GGGATCCGTTGCGGCT-1_1, Naive
GGGATGACACAGTCAT-1_1, Naive
GGGATGAGTTGCCATA-1_1, Th2
GGGTCACAGAACAGGA-1_1, Naive
GGGTCACGTGCTATTG-1_1, Th2
GGGTGTCTCCTCCACA-1_1, gdT
GGGTTATAGATGACAT-1_1, Naive
GGGTTATTCAATCGGT-1_1, Naive
GGGTTATTCTGTCAGA-1_1, Th2
GGTAACTAGCTAGAAT-1_1, Mast
GGTAACTGTAGTATAG-1_1, gdT
GGTAATCAGGAGAGTA-1_1, Naive
GGTAATCGTTACTCAG-1_1, Naive
GGTCACGAGTCGGCAA-1_1, gdT
GGTCACGTCTTCTGTA-1_1, Naive
GGTCTGGGTATCCTCC-1_1, Th2
GGTGAAGTCAACCGAT-1_1, Mast
GGTGATTAGGTAAAGG-1_1, Naive
GGTGGCTGTCCACTCT-1_1, Naive
GGTGTCGCATAGCACT-1_1, Naive
GGTTAACCACTCTCGT-1_1, NK
GGTTAACTCGGCATTA-1_1, NK
GGTTGTACACTGAATC-1_1, Naive
GGTTGTATCGACCCAG-1_1, Th1
GTACAACGTGCATGTT-1_1, Naive
GTAGAGGGTGCCTATA-1_1, gdT
GTAGAGGTCCACTGAA-1_1, Naive
GTAGATCGTTGTGTAC-1_1, Naive
GTAGCTAGTCCAGCAC-1_1, Mast
GTAGCTATCCTACCAC-1_1, Naive
GTAGGAGAGAAGATCT-1_1, Naive
GTAGGAGAGGAACGCT-1_1, Naive
GTAGTACGTTATGTCG-1_1, Th1
GTATTGGCACAATCTG-1_1, Naive
GTATTTCGTTTACCAG-1_1, Naive
GTCAAGTGTTCGAACT-1_1, Naive
GTCAAGTTCAGCTTGA-1_1, Naive
GTCACTCCAATTGCGT-1_1, Prolif.T
GTCATCCAGAGCCCAA-1_1, gdT
GTCATGAGTGTACATC-1_1, NK
GTCCTCACAACTACGT-1_1, Th2
GTCCTCATCCTTCAGC-1_1, NK
GTCCTCATCTTAGCAG-1_1, gdT
GTCGAATAGTTGTAAG-1_1, gdT
GTCGAATTCTAGAACC-1_1, gdT
GTCGCGATCACTGATG-1_1, gdT
GTCTAGAAGGTGATAT-1_1, gdT
GTCTAGACACGGTAGA-1_1, Th2
GTCTAGAGTAGGAGTC-1_1, Naive
GTGACGCGTTGGGTAG-1_1, gdT
GTGACGCTCTGGGCCA-1_1, Naive
GTGAGCCAGGATTTAG-1_1, NK
GTGAGCCGTACGTGAG-1_1, Naive
GTGAGGAGTAGAATAC-1_1, Naive
GTGAGGAGTCGTGGTC-1_1, gdT
GTGCACGTCGATGGAG-1_1, Naive
GTGCAGCAGCACCGTC-1_1, Th1
GTGCTTCTCTACTGAG-1_1, Naive
GTGGAAGTCGATTGGT-1_1, Naive
GTGGAGACATTCGATG-1_1, Th1
GTGGTTACACGTAACT-1_1, Th2
GTGTAACCACACCGAC-1_1, gdT
GTGTGATAGATCACTC-1_1, Mast
GTGTGATCATCGATCA-1_1, gdT
GTGTGGCCATATCTCT-1_1, NK
GTGTGGCGTCGAGATG-1_1, gdT
GTTACAGAGGTTCATC-1_1, Naive
GTTACCCCAAATGAGT-1_1, gdT
GTTACGAAGTAAGCAT-1_1, Th1
GTTACGACATCTGTTT-1_1, Naive
GTTACGACATGTGGCC-1_1, NK
GTTAGACAGCATGTTC-1_1, gdT
GTTAGACCAATTTCCT-1_1, gdT
GTTAGTGCACCAGTTA-1_1, Naive
GTTAGTGTCACTCGAA-1_1, Mast
GTTAGTGTCAGACCTA-1_1, Naive
GTTATGGAGACATACA-1_1, NK
GTTCCGTGTCTCTCAC-1_1, Naive
GTTCGCTAGCATGGGT-1_1, Naive
GTTCGCTGTATTAAGG-1_1, Naive
GTTGAACTCGTGTCAA-1_1, Naive
GTTGCGGCACCTAAAC-1_1, Th1
GTTGCGGGTTGGTACT-1_1, Naive
GTTGTCCTCCGGCAAC-1_1, Naive
GTTGTGAAGGGTTAGC-1_1, Naive
GTTGTGACAAGGATGC-1_1, Naive
GTTTACTAGCTAAACA-1_1, Naive
TAACACGAGGCGAACT-1_1, gdT
TAACACGGTACGTGTT-1_1, Naive
TAACCAGCAGCAGAAC-1_1, NK
TAACGACCAGAATGTA-1_1, gdT
TAACTTCTCGGACTGC-1_1, Naive
TAAGCCACATGGAATA-1_1, Naive
TAAGTCGAGGGCATGT-1_1, gdT
TAAGTCGTCAAGAGTA-1_1, NK
TAATTCCAGTAAAGCT-1_1, NK
TACAGGTAGTCCTGCG-1_1, NK
TACCCGTCAGTATTCG-1_1, Naive
TACCCGTTCATTGAGC-1_1, Th1
TACCCGTTCGCTGCGA-1_1, gdT
TACCTCGGTTGCGAAG-1_1, gdT
TACGTCCAGACCGTTT-1_1, Naive
TACTGCCCAAGCCATT-1_1, Naive
TACTTACTCCACCTCA-1_1, NK
TACTTGTTCGACATCA-1_1, NK
TAGACCACAAGTTCGT-1_1, gdT
TAGACTGGTTGTACGT-1_1, Naive
TAGAGTCCACGCGTGT-1_1, Naive
TAGAGTCGTAGCTCGC-1_1, gdT
TAGCACACATCAGCTA-1_1, NK
TAGCACACATCTTCGC-1_1, gdT
TAGCACAGTCGCTTGG-1_1, Naive
TAGGAGGCACGTGTGC-1_1, NK
TAGGAGGGTACGTGTT-1_1, NK
TAGGAGGTCTACCCAC-1_1, gdT
TAGGAGGTCTCTAGGA-1_1, Naive
TAGGGTTGTCAATCTG-1_1, Mast
TAGGGTTTCGCAGTGC-1_1, Naive
TAGGGTTTCGCCGAGT-1_1, gdT
TAGTGCAAGGGCAACT-1_1, NK
TATATCCAGTCGAAAT-1_1, NK
TATCAGGAGTGCAAAT-1_1, gdT
TATCGCCAGCACAAAT-1_1, Naive
TATCGCCCATATCGGT-1_1, Naive
TATCTGTGTACCCGAC-1_1, Naive
TATCTTGCATACTGTG-1_1, Naive
TATGTTCTCCCGTGTT-1_1, Prolif.T
TATTGCTAGCCAAGTG-1_1, Naive
TATTGGGCAGAGTTCT-1_1, Naive
TCAAGCATCCTGCCAT-1_1, Th2
TCAATCTTCTTCCAGC-1_1, Th2
TCACACCAGCTCGTGC-1_1, gdT
TCACACCGTGTTCCAA-1_1, gdT
TCACATTAGTGGACGT-1_1, Naive
TCACATTTCGACGATT-1_1, gdT
TCACGGGGTAGAGTTA-1_1, Naive
TCAGCAAAGCGGTAAC-1_1, Naive
TCAGCCTGTATACCCA-1_1, NK
TCAGGTATCGTTCCTG-1_1, Naive
TCAGTTTAGAGAATCT-1_1, Naive
TCATACTTCGGCATTA-1_1, Naive
TCATCATAGTGTAGAT-1_1, Naive
TCATCATCAGTTTCGA-1_1, NK
TCATCATGTCCTCATC-1_1, Th2
TCATCCGGTTGTTGAC-1_1, Prolif.T
TCATGAGCAAATGATG-1_1, Th2
TCATGGATCATTTACC-1_1, Th1
TCATTCAAGATGCGAC-1_1, Naive
TCATTCATCTGTCAGA-1_1, Naive
TCATTGTAGGCGAACT-1_1, gdT
TCATTTGAGTAACGTA-1_1, Naive
TCCACCACACGACGAA-1_1, gdT
TCCATGCTCTCTGGTC-1_1, Th2
TCCCACAAGCCGAATG-1_1, Naive
TCCCAGTCAGCACAGA-1_1, NK
TCCTAATGTAGTAAGT-1_1, Th2
TCCTCCCAGAAACCAT-1_1, Naive
TCCTCCCAGGCAGGTT-1_1, Naive
TCCTGCAGTGGCAACA-1_1, Naive
TCCTTCTGTATCGGTT-1_1, Naive
TCCTTCTTCAGACAAA-1_1, Naive
TCCTTCTTCTGGGCCA-1_1, NK
TCCTTTCAGGTTATAG-1_1, Mast
TCGAACACAACTACGT-1_1, Naive
TCGAACAGTCCTTAAG-1_1, Naive
TCGAACAGTTTGGCTA-1_1, NK
TCGACCTGTCGCATTA-1_1, Naive
TCGACGGAGAGTGGCT-1_1, gdT
TCGACGGCACCCAACG-1_1, Naive
TCGATTTTCCATTCGC-1_1, Naive
TCGCTCAAGGTGGCTA-1_1, gdT
TCGCTCACACAGCATT-1_1, Prolif.T
TCGCTCATCTGTCCCA-1_1, gdT
TCGGATAAGTTGTACC-1_1, NK
TCGGGACAGGCTCTAT-1_1, Naive
TCGGGACTCCTTACCG-1_1, gdT
TCGGGCAAGACGGTCA-1_1, gdT
TCGGGCAAGTCCCAAT-1_1, gdT
TCGGGCAGTCACAGTT-1_1, gdT
TCGGGTGAGAGTCAAT-1_1, Prolif.T
TCGTAGACACAACCGC-1_1, Naive
TCGTGGGAGCAGCCCT-1_1, Prolif.T
TCTACCGAGGGCAGGA-1_1, Naive
TCTCACGAGTCCGCGT-1_1, gdT
TCTCTGGGTCACTCAA-1_1, NK
TCTGCCAAGTCCTGTA-1_1, Naive
TCTGCCATCTTTCGAT-1_1, Naive
TCTGGCTGTACCTATG-1_1, gdT
TCTGGCTGTCACTAGT-1_1, gdT
TCTGTCGAGCTACGTT-1_1, Naive
TCTTAGTGTCCACTCT-1_1, Naive
TCTTAGTGTGTGGTCC-1_1, Naive
TCTTCCTCAAATAGCA-1_1, Naive
TCTTTGAAGCTACTGT-1_1, Naive
TCTTTGAAGCTAGCCC-1_1, gdT
TGAACGTAGATCACTC-1_1, Naive
TGACAGTTCAAGGACG-1_1, gdT
TGACGCGTCGACCAAT-1_1, gdT
TGACTCCCATCGTGCG-1_1, Naive
TGAGCGCGTACCTAAC-1_1, Naive
TGAGTCACACTAGTAC-1_1, Th2
TGATCTTAGCGGGTTA-1_1, Naive
TGATCTTTCAATGTCG-1_1, Th2
TGATTCTCAAGAGTTA-1_1, Naive
TGCACGGGTGCTGCAC-1_1, Th1
TGCGACGGTGCAGTGA-1_1, Th2
TGCGATAAGCGAAACC-1_1, Prolif.T
TGCGGCAAGTGTTCAC-1_1, Naive
TGCGGGTGTGTTACAC-1_1, Naive
TGCTCGTGTCCGTTTC-1_1, Th1
TGCTCGTTCCTGGGAC-1_1, Mast
TGCTTCGTCCTCACCA-1_1, Naive
TGGAGGAAGGCGCTTC-1_1, Naive
TGGAGGAGTGACTCGC-1_1, Th2
TGGATCACACTTGGGC-1_1, gdT
TGGGTTATCTTCGTAT-1_1, Naive
TGGTAGTCACTACACA-1_1, NK
TGTAGACAGCCTGACC-1_1, gdT
TGTCCACCAAGTAGTA-1_1, Mast
TGTCCTGGTAGAAACT-1_1, Naive
TGTGCGGAGGTGGTTG-1_1, Th2
TGTGCGGAGTCAGAGC-1_1, gdT
TGTGTGAAGGTATTGA-1_1, gdT
TGTTACTAGACGATAT-1_1, NK
TGTTCATAGGGCGAAG-1_1, Th1
TGTTCATTCGAAATCC-1_1, Naive
TGTTGAGCATGTGGCC-1_1, Th1
TGTTGGAAGACGATAT-1_1, gdT
TGTTTGTCAAGAGGTC-1_1, Naive
TGTTTGTCACCTAAAC-1_1, Naive
TTACCATAGGTATCTC-1_1, Th1
TTCACGCTCGCACGAC-1_1, Naive
TTCCGGTCATCCTCAC-1_1, Th2
TTCCGGTCATGTCAGT-1_1, Naive
TTCCGTGGTTCTAAGC-1_1, Naive
TTCCTAAAGCCGAACA-1_1, Naive
TTCCTTCTCGAGCCAC-1_1, Naive
TTCGATTTCGCAATGT-1_1, Naive
TTCGCTGGTATCACCA-1_1, Naive
TTCGGTCCATGGGATG-1_1, gdT
TTCTGTAGTCAAGTTC-1_1, Naive
TTCTGTATCACTCCGT-1_1, Th2
TTCTTCCCATTGCCTC-1_1, Th1
TTCTTGACACGCGTCA-1_1, NK
TTGAACGAGCGAGAAA-1_1, Th1
TTGACCCCACTTCTCG-1_1, Naive
TTGATGGCAATCGCAT-1_1, gdT
TTGATGGCATCAACCA-1_1, Naive
TTGCATTAGCTGGAGT-1_1, gdT
TTGCCTGAGCGTCAGA-1_1, Naive
TTGCCTGCAGCGTAGA-1_1, Naive
TTGCCTGTCCGAGATT-1_1, gdT
TTGCGTCAGCATGCAG-1_1, Naive
TTGGGCGAGACGGAAA-1_1, gdT
TTGGGCGGTTGTTGAC-1_1, Naive
TTGTTCATCGCACGGT-1_1, Th2
TTGTTGTTCCACTGAA-1_1, Th2
TTGTTTGAGCAAGGAA-1_1, gdT
TTGTTTGCACATATCG-1_1, Naive
TTTACGTAGTCTAACC-1_1, Naive
TTTACGTGTATAGGGC-1_1, Naive
TTTACTGCACTCAAGT-1_1, Naive
TTTCACAAGACTCCGC-1_1, Th2
TTTCACAGTCACATTG-1_1, gdT
TTTCGATTCAAGGAGC-1_1, Naive
TTTGACTGTATGCTTG-1_1, NK
TTTGATCAGAGTCAGC-1_1, NK
TTTGGTTAGTTTCAGC-1_1, Th2
TTTGGTTTCCATACTT-1_1, gdT
TTTGTTGAGCGTTAGG-1_1, Naive
AAATGGACAATATCCG-1_2, Naive
AACCTTTTCCATATGG-1_2, Naive
AAGACTCTCCCATAGA-1_2, Naive
AAGTACCAGTGATTCC-1_2, Prolif.T
ACACTGAGTTACCTTT-1_2, Naive
ACAGCCGAGCGGTAGT-1_2, Naive
ACCAACATCTTTCGAT-1_2, Naive
ACCTACCTCTACCAGA-1_2, NK
ACCTGAAAGAGGTGCT-1_2, Th1
ACGATCACACGGATCC-1_2, Naive
ACGTCCTAGACAACTA-1_2, Naive
ACTATTCCACGCTGTG-1_2, NK
ACTGTGAAGCCACAAG-1_2, Naive
AGAACCTTCCTATTTG-1_2, Mast
AGACACTGTGAGAACC-1_2, Naive
AGACCCGCACCCTAGG-1_2, Naive
AGAGAGCGTGTCTAAC-1_2, Mast
AGATAGACAATTGAGA-1_2, Naive
AGGAATATCTAGTGAC-1_2, Th2
AGTGACTAGTAGCCAG-1_2, Naive
AGTGACTTCGGCATTA-1_2, Th2
AGTTAGCAGGCTCCCA-1_2, Th2
ATCGGATGTAGCCAGA-1_2, Naive
ATCTCTATCCATTTGT-1_2, Naive
ATGCATGCAGCCTATA-1_2, Mast
ATGCATGGTGCATGAG-1_2, Naive
ATGGAGGTCGCTCCTA-1_2, Naive
ATTACCTCACCCAATA-1_2, Th2
CAGCCAGGTATTGACC-1_2, Naive
CAGGCCATCGGACTGC-1_2, Naive
CAGTTCCAGACTCAAA-1_2, Th1
CATACCCAGACTTCCA-1_2, Naive
CATGCCTAGACTCGAG-1_2, Naive
CATGCCTGTCACTTCC-1_2, Naive
CATGCCTGTCCGCAGT-1_2, Th2
CCAATGAGTTAAACCC-1_2, Naive
CCAATTTCAACACGAG-1_2, Naive
CCAATTTTCCGTGTCT-1_2, Naive
CCACCATCAGGACAGT-1_2, Naive
CCCGAAGCAAATCGGG-1_2, Naive
CCCTCTCTCGTCCTTG-1_2, NK
CCGAACGCAACACAGG-1_2, Naive
CCTATCGGTGCCCAGT-1_2, Mast
CCTCAGTAGGACGGAG-1_2, gdT
CCTCCTCAGTAACCTC-1_2, gdT
CCTGCATAGACATAGT-1_2, Naive
CCTTCAGAGTACAACA-1_2, gdT
CGAATTGCATTATGCG-1_2, Naive
CGGACACGTTATGTGC-1_2, Naive
CGGGCATCACCAATTG-1_2, Naive
CGGGTCACATCATTGG-1_2, Naive
CGTCCATGTGCCTGAC-1_2, Naive
CTAACTTAGCCTCTTC-1_2, Th2
CTACATTCATGGCCAC-1_2, Naive
CTATAGGAGTGATAGT-1_2, Naive
CTCAATTGTATCCCAA-1_2, gdT
CTCAGGGGTCCTCATC-1_2, Th2
CTCCTCCAGCCTCTCT-1_2, Naive
CTGGACGGTCGCTTAA-1_2, Naive
CTGGCAGGTTGCTCAA-1_2, Naive
CTGTAGATCCACATAG-1_2, gdT
CTTCCTTCACGCGTGT-1_2, Naive
CTTGAGACATCGTGGC-1_2, Naive
GAACGTTTCCGCCTAT-1_2, Naive
GACACGCTCTGTCGTC-1_2, Naive
GACCAATAGCACTCGC-1_2, Naive
GACCGTGTCTCAACCC-1_2, gdT
GACCTTCCAGGTTCAT-1_2, Naive
GCATGATGTCCTGGGT-1_2, Naive
GCATTAGGTGAACCGA-1_2, Naive
GCTACCTTCTACCAGA-1_2, Naive
GCTGAATCATCTAGAC-1_2, Naive
GCTTTCGTCAGAGCAG-1_2, gdT
GGAACCCCAAGCCCAC-1_2, Naive
GGATGTTCAGCGTTGC-1_2, Naive
GGTAACTGTCGCTGCA-1_2, Naive
GGTAATCGTCTATGAC-1_2, gdT
GGTCTGGGTTATGGTC-1_2, Naive
GTAACACCAGACACCC-1_2, Naive
GTCAGCGGTCGTCGGT-1_2, NK
GTCCTCAGTGCAATGG-1_2, Naive
GTGACGCGTCGACGCT-1_2, Mast
GTGCAGCCAGAACCGA-1_2, Naive
GTGTAACTCGCTACAA-1_2, Naive
GTTCTATAGTCTGGAG-1_2, Naive
GTTGCGGCAAGAGTAT-1_2, Naive
TAACACGTCTTCCGTG-1_2, Naive
TAACCAGGTTGGACCC-1_2, Naive
TACCCGTTCCGGACTG-1_2, Naive
TACGGGCGTATGGAAT-1_2, Naive
TACGGTACAGAACTTC-1_2, Naive
TAGACCACAGTTTCAG-1_2, Naive
TAGGTACGTCTACACA-1_2, gdT
TAGTGCAAGGTTCAGG-1_2, NK
TAGTGCAGTCGGTACC-1_2, gdT
TATATCCTCATGTCTT-1_2, NK
TATCTTGTCCACAAGT-1_2, Naive
TATTCCACAGACATCT-1_2, Naive
TATTTCGCAACCGTAT-1_2, Mast
TCAAGTGGTCGGTAAG-1_2, gdT
TCACTCGAGGATGGCT-1_2, Naive
TCATCATGTGGGTCAA-1_2, Th1
TCATGAGCAGTTTGGT-1_2, Prolif.T
TCATGTTTCACTTGTT-1_2, gdT
TCGACCTCACTACCCT-1_2, Naive
TCTATACAGCAGTCTT-1_2, Naive
TCTGCCAGTGATTCAC-1_2, Th2
TCTTTGACAAGGTACG-1_2, Naive
TGAGCATCACCAAATC-1_2, Naive
TGAGGTTTCCACACCT-1_2, Prolif.T
TGCGACGTCCTGTACC-1_2, Naive
TGCTGAAGTACTAAGA-1_2, Th2
TGGATGTTCGTTAGAC-1_2, Naive
TGGGCTGAGTCCCGAC-1_2, Naive
TGTGGCGCAAATGAGT-1_2, Th2
TGTTCCGAGCGACTTT-1_2, Naive
TGTTCCGTCGACGATT-1_2, NK
TGTTGAGCACGGGCTT-1_2, NK
TTACCGCTCAGATTGC-1_2, Naive
TTACGTTGTCGTGTTA-1_2, NK
TTCATTGTCCTTTGAT-1_2, Naive
TTCTGTACACTAACGT-1_2, Naive
TTGCGTCAGGCTCTCG-1_2, gdT
AAACCCATCAAGCTGT-1_3, Naive
AAACGAACATCAGTCA-1_3, Naive
AAACGAAGTAGTATAG-1_3, Naive
AAAGGGCGTTGCTCGG-1_3, Naive
AAAGGTAAGCACACAG-1_3, gdT
AAAGTCCAGCAGCCTC-1_3, Naive
AAAGTCCCAACCACAT-1_3, Prolif.T
AACACACAGATGGGCT-1_3, Th2
AACACACCAACCTAAC-1_3, Mast
AACACACTCACCGACG-1_3, Naive
AACCAACGTAGTATAG-1_3, NK
AACCACAGTATATGGA-1_3, Naive
AACCATGTCAAACCCA-1_3, Naive
AACCCAAAGCCTTCTC-1_3, Naive
AACCTGAAGTTCCAGT-1_3, Naive
AACCTTTTCATCGTAG-1_3, Prolif.T
AAGACTCTCAAGCCAT-1_3, Th1
AAGATAGTCTTGGGCG-1_3, gdT
AAGCATCAGTCTTGGT-1_3, Th1
AAGCCATTCATTGGTG-1_3, Prolif.T
AAGTACCCACCTCTGT-1_3, Th1
AAGTGAACATGACGAG-1_3, Th1
AATAGAGTCTACACAG-1_3, Prolif.T
AATCGTGTCGAGATGG-1_3, Th1
AATGAAGAGTAGTCTC-1_3, Naive
AATGACCCAGGTTCCG-1_3, NK
AATGACCTCTGCCTGT-1_3, Prolif.T
AATGCCATCGGACTGC-1_3, NK
ACAAAGATCTCTCAAT-1_3, Th1
ACAGAAACAGCCGGTT-1_3, gdT
ACAGGGATCGAGTCCG-1_3, Naive
ACATCCCTCTAGCAAC-1_3, Th2
ACATGCACAAGACCTT-1_3, NK
ACCATTTAGCGTTGTT-1_3, NK
ACCATTTAGGGAGGAC-1_3, NK
ACCCAAACATGGACAG-1_3, Prolif.T
ACCCTTGCAAACTAGA-1_3, Naive
ACCCTTGCAGATACTC-1_3, NK
ACCTACCCAGTTAGGG-1_3, Naive
ACCTACCGTTCCACGG-1_3, Mast
ACGATCAAGGTACATA-1_3, Naive
ACGCACGTCGGCATTA-1_3, NK
ACGGTCGTCCGCACGA-1_3, Prolif.T
ACGGTTATCAAACTGC-1_3, Th2
ACGGTTATCGAACCAT-1_3, Prolif.T
ACGTAACCAGCAGTAG-1_3, Naive
ACGTAACTCGGAGATG-1_3, Th1
ACGTACAAGCCAGAGT-1_3, Naive
ACGTCCTCACGCTGTG-1_3, Naive
ACGTTCCGTACGAGTG-1_3, Th2
ACTATCTGTGAGACGT-1_3, Prolif.T
ACTATCTGTTATCTGG-1_3, gdT
ACTCTCGGTAGGAAAG-1_3, Naive
ACTCTCGGTCCCAAAT-1_3, Naive
ACTGATGCACGTCGGT-1_3, Naive
ACTGTCCGTGGACCAA-1_3, Naive
ACTTAGGAGGTCTTTG-1_3, Th2
ACTTATCCAAGAATAC-1_3, Naive
ACTTCCGCAGTGACCC-1_3, Th1
ACTTCCGCATAGAATG-1_3, Th2
ACTTTCAGTAGACAAT-1_3, Naive
AGAACAAAGTCACGAG-1_3, NK
AGAACAACAGGTCAAG-1_3, NK
AGAACCTAGGTTAAAC-1_3, Naive
AGAACCTAGTAGTCAA-1_3, Th1
AGACAAACACAAGCCC-1_3, Th1
AGACAAAGTATTGGCT-1_3, NK
AGACAAAGTCTTTATC-1_3, Th1
AGACAAATCTCTAAGG-1_3, Th1
AGACACTAGGCCTGAA-1_3, gdT
AGACACTGTTAAACCC-1_3, Naive
AGACACTTCAGGTAAA-1_3, Th1
AGACCATGTATGAAAC-1_3, Mast
AGACCCGGTATTCTCT-1_3, Naive
AGACCCGGTCACAGAG-1_3, gdT
AGACCCGTCATTACGG-1_3, gdT
AGAGAATAGTACCCTA-1_3, NK
AGAGAATTCACGTCCT-1_3, Th1
AGAGCAGAGCGGACAT-1_3, Naive
AGATGCTCATATGAAG-1_3, Th2
AGCCAATTCCTCGCAT-1_3, Th1
AGCGATTAGAATCTAG-1_3, Prolif.T
AGCGATTGTCTAACGT-1_3, Th1
AGCGATTTCCACAGGC-1_3, Naive
AGCGCCAAGTAAACAC-1_3, gdT
AGCGCCATCGAGTTGT-1_3, NK
AGCGTATGTAATGCTC-1_3, Naive
AGCTTCCCAGCACACC-1_3, Th1
AGCTTCCGTGCGTGCT-1_3, Mast
AGGACGAAGCCTGGAA-1_3, Th1
AGGACGACACATCATG-1_3, Naive
AGGACTTCACATGACT-1_3, NK
AGGATAATCGCCATAA-1_3, gdT
AGGATCTGTCTAACGT-1_3, Naive
AGGCATTTCACACGAT-1_3, Th2
AGGGAGTCATTGCTTT-1_3, Naive
AGGGCCTAGAGTTCGG-1_3, NK
AGGGTGAGTAAGCGGT-1_3, Naive
AGGGTGATCCACGGGT-1_3, NK
AGGTAGGTCTTCTGGC-1_3, NK
AGGTCATAGCGATGAC-1_3, Prolif.T
AGTAGCTAGCGCAATG-1_3, Prolif.T
AGTAGCTGTACTGCGC-1_3, Naive
AGTAGTCGTATTCCGA-1_3, gdT
AGTCACATCACCTTAT-1_3, Prolif.T
AGTCACATCTAATTCC-1_3, gdT
AGTCTCCCATGCTGCG-1_3, NK
AGTGACTCACTGTCCT-1_3, Naive
AGTGATCAGACTTCGT-1_3, Naive
AGTGATCCACCTTCCA-1_3, gdT
AGTGATCTCATCGGGC-1_3, Th1
AGTGTTGCATCTAGAC-1_3, gdT
AGTTCCCGTCTTCATT-1_3, Naive
AGTTCCCTCGGTGAAG-1_3, Naive
ATAGAGAAGGATTTGA-1_3, Naive
ATAGAGACAAGGTCGA-1_3, gdT
ATAGAGATCTCAGGCG-1_3, gdT
ATCACAGGTCTAGGCC-1_3, Naive
ATCACGAAGGACCCAA-1_3, NK
ATCACTTAGCCAAGGT-1_3, Prolif.T
ATCACTTCACTCCCTA-1_3, Naive
ATCATTCCAAAGACTA-1_3, Prolif.T
ATCCACCCAGAATTCC-1_3, Mast
ATCCACCCAGGTCCCA-1_3, Naive
ATCCTATCACCTATCC-1_3, Naive
ATCGATGAGCTGTTCA-1_3, Mast
ATCGGCGAGTTCACTG-1_3, NK
ATCGGCGTCGACTCCT-1_3, Th1
ATCGTAGTCGAATCCA-1_3, Th1
ATCTCTAAGGGACAGG-1_3, Naive
ATCTCTAGTCATCGCG-1_3, Th2
ATCTCTAGTCGAGTGA-1_3, NK
ATGAAAGCAGCAAGAC-1_3, Mast
ATGAGGGCAATCGCAT-1_3, NK
ATGCATGAGGGCCCTT-1_3, NK
ATGCCTCAGAAGGTAG-1_3, NK
ATGCGATAGTTCCGTA-1_3, NK
ATGCGATTCATCACAG-1_3, Prolif.T
ATGGGAGTCGGCAGTC-1_3, Naive
ATGGGTTCAACCGATT-1_3, Prolif.T
ATGTCCCCACCGTGGT-1_3, Naive
ATGTCTTGTACCCGAC-1_3, gdT
ATTACCTAGTAACGTA-1_3, Th2
ATTACTCTCGGTCACG-1_3, Th1
ATTATCCAGATTAGAC-1_3, gdT
ATTATCCCAGTCAACT-1_3, Th1
ATTATCCTCGGATACT-1_3, Th1
ATTCCATCAGATGCGA-1_3, Th2
ATTCCCGCACAGCCTG-1_3, Mast
ATTCTACTCACCGACG-1_3, NK
ATTCTTGAGCTCGGCT-1_3, Naive
ATTCTTGAGGAATCGC-1_3, gdT
ATTCTTGCATTGAAAG-1_3, NK
ATTCTTGGTGTACAGG-1_3, Naive
ATTGTTCCAGTAGAAT-1_3, Th1
ATTGTTCTCCGGTAAT-1_3, NK
ATTTCTGCAGTCGAGA-1_3, Th1
CAAAGAAAGGAACGTC-1_3, Th2
CAACAACCACTACTTT-1_3, gdT
CAACCAAAGTCACGAG-1_3, NK
CAACGATCACAAAGCG-1_3, Th1
CAAGAGGGTTGGAGGT-1_3, Naive
CAATTTCCAGCTTTGA-1_3, Th1
CACACAAAGACGCTCC-1_3, NK
CACACAACATCACCAA-1_3, Prolif.T
CACAGATCATAACTCG-1_3, Th1
CACATGACATCTAACG-1_3, gdT
CACCAAACAGGATCTT-1_3, Prolif.T
CACGGGTGTCTCACGG-1_3, NK
CACGTGGCAAAGGTTA-1_3, gdT
CACGTGGCAGTCGGAA-1_3, Naive
CACGTTCGTTTCCCAC-1_3, Naive
CACTAAGTCTCAACGA-1_3, Naive
CACTGTCGTCTTGGTA-1_3, Th2
CAGATACCAATTGCTG-1_3, Th1
CAGATACTCTTTGATC-1_3, Naive
CAGCACGTCGTAGTGT-1_3, NK
CAGCAGCCAGCTGTGC-1_3, Th1
CAGGGCTTCACCTTGC-1_3, gdT
CATACCCCATTCGGGC-1_3, Th1
CATACCCTCAGACATC-1_3, Naive
CATACCCTCCTCGATC-1_3, Th1
CATAGACTCAACCGAT-1_3, Th2
CATCGGGAGGGCAGTT-1_3, Prolif.T
CATCGGGGTTCGCGTG-1_3, Th1
CATGCAAAGCAGGCAT-1_3, Naive
CATGCGGGTTACCTTT-1_3, gdT
CATGCTCAGCACGTCC-1_3, Naive
CATGGTAGTACAAGTA-1_3, Naive
CATTCATCACTACCCT-1_3, Naive
CATTCATCATGTGACT-1_3, Naive
CATTCCGCAGCGACAA-1_3, Naive
CATTGAGTCGTTGTAG-1_3, Naive
CATTGCCTCGTTTACT-1_3, Naive
CATTGTTGTGGATCGA-1_3, Naive
CCAATTTAGACTCTAC-1_3, Th1
CCACACTTCGGCAGTC-1_3, NK
CCACGAGCATAGTCAC-1_3, Naive
CCACGAGTCTAGGCCG-1_3, Th1
CCACGTTGTAAGATAC-1_3, NK
CCACTTGCAAAGACGC-1_3, Naive
CCATAAGCACTCATAG-1_3, Th1
CCCAACTAGTCATCGT-1_3, Th1
CCCAACTGTAATGCGG-1_3, Th2
CCCAACTGTATAATGG-1_3, Naive
CCCAACTGTCACCGCA-1_3, Naive
CCCATTGGTCGTTATG-1_3, Th1
CCCGGAATCATTTGGG-1_3, gdT
CCCTAACAGGTTACAA-1_3, gdT
CCCTAACGTACCACGC-1_3, Th1
CCCTCAAGTATGTCTG-1_3, Mast
CCCTCAATCCGCATAA-1_3, NK
CCCTTAGCAGCGACCT-1_3, Th1
CCGAACGGTCGTACTA-1_3, NK
CCGAACGTCTAACGGT-1_3, Naive
CCGATCTCAGCTGCCA-1_3, Prolif.T
CCGATGGGTCCCAAAT-1_3, Naive
CCGATGGGTCCCTAAA-1_3, Naive
CCGATGGTCGCTACGG-1_3, gdT
CCGGACATCGGTCAGC-1_3, Prolif.T
CCGGTAGTCGTGCAGC-1_3, Th2
CCGGTGAAGGAGAATG-1_3, gdT
CCGTGAGAGGTGGGTT-1_3, NK
CCGTTCATCTGAACGT-1_3, Mast
CCTAAGAGTAAGTTGA-1_3, Naive
CCTCAACAGTTCCAGT-1_3, Naive
CCTCACACAATTGCTG-1_3, Prolif.T
CCTCATGAGGACACTG-1_3, NK
CCTCATGTCTTGCGCT-1_3, NK
CCTCCAATCTCTCTTC-1_3, gdT
CCTCTAGGTTCGCGTG-1_3, Mast
CCTGCATCAGGTCAGA-1_3, Naive
CCTGCATTCCCGTTCA-1_3, Naive
CCTGTTGGTGCAACAG-1_3, Naive
CCTTTGGGTCACGACC-1_3, NK
CGAAGGATCGTAGAGG-1_3, Mast
CGAAGTTCACCGAATT-1_3, Naive
CGACAGCTCATGCAGT-1_3, NK
CGAGGAAGTGCGACAA-1_3, NK
CGAGGCTAGTGATCGG-1_3, Naive
CGAGTGCCATGAATCC-1_3, Naive
CGATCGGTCCTGTTAT-1_3, NK
CGATGGCCACCGTGGT-1_3, Th1
CGATGGCCACCTGTCT-1_3, Naive
CGCAGGTAGGTATCTC-1_3, Mast
CGCATGGCATTACGGT-1_3, Prolif.T
CGCCAGAGTCCCTCAT-1_3, NK
CGCCATTGTCTGTTAG-1_3, Th1
CGGAACCAGCACTCAT-1_3, gdT
CGGAATTCAACTGGTT-1_3, Th1
CGGACACTCGCGGTAC-1_3, Naive
CGGGACTAGGTAGCCA-1_3, gdT
CGGGACTTCTGGGCCA-1_3, Th2
CGGTCAGCAAGACCTT-1_3, Th1
CGTAAGTCATACAGGG-1_3, Naive
CGTAGTACATAACCCA-1_3, gdT
CGTCAAAAGAACAGGA-1_3, gdT
CGTCAAAAGCGCTGCT-1_3, Th1
CGTCAAATCACAAGAA-1_3, NK
CGTCCATAGAGGGCGA-1_3, gdT
CGTGCTTTCTCTCAAT-1_3, NK
CGTGTCTTCGACGAGA-1_3, Th2
CGTTAGACAGCACACC-1_3, NK
CGTTAGAGTGAGAACC-1_3, gdT
CGTTGGGGTTGCTCCT-1_3, NK
CTAACCCAGCGGACAT-1_3, gdT
CTAACCCCACCTGATA-1_3, gdT
CTAACTTAGGTATCTC-1_3, Naive
CTAACTTCATAGTCGT-1_3, Th1
CTACATTAGGCTTCCG-1_3, gdT
CTACCCAAGGCCTGCT-1_3, Prolif.T
CTACTATAGCCTCGTG-1_3, Naive
CTATAGGAGAGGTCAC-1_3, Naive
CTATAGGGTAGGACTG-1_3, Prolif.T
CTATAGGGTCTGTGCG-1_3, NK
CTATCCGAGACATGCG-1_3, Th2
CTATCCGGTATGTGTC-1_3, Th2
CTATCTACAATCAGCT-1_3, NK
CTATCTACATGAGTAA-1_3, Prolif.T
CTCAACCGTGCCGTAC-1_3, Prolif.T
CTCAAGAGTGGCTGCT-1_3, Naive
CTCAGAACAATAACCC-1_3, Th2
CTCAGGGTCTCAGGCG-1_3, NK
CTCAGTCAGTCCCGGT-1_3, NK
CTCATCGAGTACAGCG-1_3, Naive
CTCATCGGTAATGCGG-1_3, Naive
CTCATTAGTACGTAGG-1_3, NK
CTCCAACAGTCCCAGC-1_3, Naive
CTCCATGCAGTTCTAG-1_3, Prolif.T
CTCCCAACACTCCGGA-1_3, Th1
CTCCCAAGTCCACTTC-1_3, NK
CTCCCTCAGATGTTAG-1_3, NK
CTCCGATGTACGTACT-1_3, NK
CTCCTCCCAAACCGGA-1_3, Naive
CTCTCAGGTAGATCCT-1_3, Th1
CTCTCGATCCATCGTC-1_3, Naive
CTGAATGAGGGCCCTT-1_3, gdT
CTGAATGGTAGCGCTC-1_3, NK
CTGAATGGTTCGATTG-1_3, Prolif.T
CTGAGGCCATGGGTCC-1_3, Naive
CTGCAGGAGGGAGTTC-1_3, gdT
CTGCCTAGTGTTCGTA-1_3, NK
CTGCCTAGTGTTGAGG-1_3, Prolif.T
CTGCGAGTCCTCTAGC-1_3, NK
CTGCTCACAGTAACAA-1_3, NK
CTGGACGAGCAGTACG-1_3, NK
CTGGCAGAGTCATTGC-1_3, Naive
CTGTAGAGTAGATCGG-1_3, gdT
CTGTAGAGTCTACATG-1_3, NK
CTGTATTAGCAGGTCA-1_3, Mast
CTTAGGAAGAGATCGC-1_3, Naive
CTTCCTTCAACCGTGC-1_3, NK
CTTCCTTCACTGTGTA-1_3, Naive
CTTCTAAAGTTGCATC-1_3, Prolif.T
CTTCTCTAGTCACGCC-1_3, Naive
CTTCTCTGTGATATAG-1_3, NK
CTTGAGATCAAGCTTG-1_3, NK
CTTGATTAGTATGAGT-1_3, gdT
GAAATGAAGCTAAACA-1_3, NK
GAACGTTAGCTGAGCA-1_3, Th1
GAACTGTCAAGGATGC-1_3, NK
GAAGCCCAGATGCTTC-1_3, NK
GAAGCGATCCACGTCT-1_3, gdT
GAAGTAAGTTCCAGGC-1_3, Naive
GAATAGACAGCAATTC-1_3, Naive
GAATCACGTCGCCTAG-1_3, gdT
GACACGCCATTGACTG-1_3, Naive
GACAGCCCACAGCATT-1_3, gdT
GACAGCCTCTCCACTG-1_3, Th1
GACCAATCACCTCTAC-1_3, Prolif.T
GACCAATGTTATTCCT-1_3, NK
GACCAATTCAAAGGTA-1_3, Naive
GACCCAGCATGAGATA-1_3, NK
GACCCTTTCAGGAACG-1_3, Th1
GACCGTGAGGAGTCTG-1_3, NK
GACCGTGGTATGAAGT-1_3, NK
GACGCTGCATGTGCCG-1_3, Naive
GACTATGTCTCTGCTG-1_3, gdT
GACTCTCGTGAGATTA-1_3, Naive
GACTGATGTTCTTGCC-1_3, Naive
GACTTCCAGTATGGCG-1_3, Th2
GACTTCCCACACAGAG-1_3, Naive
GAGAAATAGTGCGACA-1_3, NK
GAGACCCAGCATTTGC-1_3, NK
GAGACTTTCATTACTC-1_3, Naive
GAGATGGTCGACCCAG-1_3, NK
GAGCCTGAGTTTCGAC-1_3, Naive
GAGCCTGCATAATCGC-1_3, gdT
GAGCCTGCATCGGAAG-1_3, Th1
GAGGCCTAGGAGGTTC-1_3, Th1
GAGGCCTCAGGAAGTC-1_3, Prolif.T
GAGGGTAGTGATGGCA-1_3, gdT
GAGTCATCATTCTGTT-1_3, Naive
GAGTTACAGAGCTGAC-1_3, Naive
GAGTTACCATAGGTAA-1_3, NK
GAGTTTGCATGACACT-1_3, Th2
GATAGAACATACCGTA-1_3, Mast
GATAGCTTCTATCCAT-1_3, NK
GATCACAAGTCGCGAA-1_3, Mast
GATCACACATCGCTAA-1_3, Th1
GATCACATCCATGCAA-1_3, Prolif.T
GATCAGTCAGGGACTA-1_3, Naive
GATCATGGTGACGCCT-1_3, NK
GATCATGTCTAATTCC-1_3, NK
GATCCCTTCATTTCCA-1_3, Th2
GATCGTAAGAGGCGGA-1_3, Prolif.T
GATCGTAGTATGAGGC-1_3, NK
GATGAGGTCAATCTCT-1_3, Naive
GATGGAGAGAGGGTAA-1_3, Th1
GATGGAGAGCCGTTGC-1_3, Naive
GATTCGAAGTCAGGGT-1_3, gdT
GATTTCTGTCGCGTTG-1_3, gdT
GATTTCTTCCCTTTGG-1_3, Naive
GCAACATCATAACCCA-1_3, NK
GCAACATGTACAGTTC-1_3, Naive
GCAACATGTGACGCCT-1_3, Prolif.T
GCAACCGAGCCTGAAG-1_3, Naive
GCAACCGGTATCAGCT-1_3, gdT
GCACATAAGTCGCTAT-1_3, Prolif.T
GCACGGTTCAGCTTCC-1_3, Th2
GCACTAAAGTACGAGC-1_3, Mast
GCAGCCATCAAGAGTA-1_3, Naive
GCAGCTGCAAGACCGA-1_3, Naive
GCATCGGAGAATGTTG-1_3, Prolif.T
GCATCGGGTGGCCACT-1_3, Th1
GCATCGGTCAGTCATG-1_3, Th1
GCATCTCTCGAAGCAG-1_3, Naive
GCCAACGGTTCGTAAC-1_3, Prolif.T
GCCAGTGCACTCCGGA-1_3, Naive
GCCAGTGTCTGCACCT-1_3, NK
GCCCAGAGTCCAATCA-1_3, Th1
GCCCGAACAAGTTCCA-1_3, Naive
GCCCGAATCCGATAAC-1_3, NK
GCCGATGAGAGTCAGC-1_3, Prolif.T
GCCGATGCAAGCTGCC-1_3, NK
GCCGTGATCTTCCAGC-1_3, NK
GCCTGTTCACGTTGGC-1_3, Prolif.T
GCCTGTTCATTGTCGA-1_3, NK
GCGAGAAAGCGTTAGG-1_3, gdT
GCGTGCAAGTTTCGGT-1_3, Th2
GCTACAACAGGTCCCA-1_3, Naive
GCTGGGTCATCGAGCC-1_3, Mast
GCTTCACCACGGTGTC-1_3, Naive
GGAATCTAGGCAATGC-1_3, Th1
GGAATGGAGTTTGGCT-1_3, Th1
GGAGGATGTGCGAACA-1_3, Naive
GGAGGTACACGGCCAT-1_3, Naive
GGATGTTCAGGCGATA-1_3, NK
GGATGTTTCTGCACCT-1_3, Naive
GGCACGTCAAATGAGT-1_3, NK
GGCTGTGTCCTTCGAC-1_3, NK
GGGAGTAGTCCTGTTC-1_3, Naive
GGGAGTATCGGCTTGG-1_3, Naive
GGGAGTATCGTCTACC-1_3, Th2
GGGATGACAGATACTC-1_3, Prolif.T
GGGCTACCAAGCGCAA-1_3, Prolif.T
GGGCTACTCCTGGCTT-1_3, gdT
GGGTCACCAAACTGCT-1_3, NK
GGGTCACCATAGGCGA-1_3, NK
GGGTCACCATGAAAGT-1_3, Naive
GGGTCACTCAAACCTG-1_3, Naive
GGGTCACTCCTCTGCA-1_3, Th1
GGGTCTGAGGCATGCA-1_3, Prolif.T
GGGTCTGCAAATCCCA-1_3, Mast
GGGTGTCGTGCTGATT-1_3, Naive
GGGTTTAAGAAGCCAC-1_3, Th1
GGGTTTACAGCTTTGA-1_3, NK
GGGTTTACATGATGCT-1_3, Mast
GGTCTGGAGACCAGAC-1_3, Mast
GGTGATTAGGAGAATG-1_3, Th1
GGTGATTAGTTTGAGA-1_3, gdT
GGTGATTCATGTGCCG-1_3, Th2
GGTGATTGTTACCCTC-1_3, Naive
GGTGTTAAGACCACGA-1_3, NK
GGTTGTAAGACTAGAT-1_3, Naive
GTAATGCGTAGCGAGT-1_3, NK
GTACAGTCAACTGTGT-1_3, Naive
GTACAGTGTGAGACCA-1_3, Th1
GTAGATCCACCCTCTA-1_3, Th1
GTAGCTATCGGAATGG-1_3, Naive
GTAGGTTAGGACAGCT-1_3, Th2
GTAGTACAGCGTATGG-1_3, Th2
GTCAAGTTCTGTCCCA-1_3, Naive
GTCATCCGTCCCAAAT-1_3, Mast
GTCATGACATGCGTGC-1_3, Mast
GTCCCATAGCTCTATG-1_3, Prolif.T
GTCGAATAGTCCGCCA-1_3, NK
GTCGAATCAATTGCTG-1_3, NK
GTCGAATCAGCGTGCT-1_3, Th1
GTCGTAAAGTCCCAAT-1_3, Th1
GTCGTTCAGCCTCAAT-1_3, Naive
GTCTAGATCGAGAATA-1_3, NK
GTCTGTCCACCAGCCA-1_3, NK
GTCTGTCGTCCTGTTC-1_3, Th2
GTCTTTACAGAAACCG-1_3, Th1
GTCTTTATCTTTGATC-1_3, Th2
GTGACGCCACTGAATC-1_3, Prolif.T
GTGAGGAAGGTGCTGA-1_3, Mast
GTGAGGAGTGCCTTTC-1_3, NK
GTGAGTTAGGTGCATG-1_3, NK
GTGATGTAGCGTATAA-1_3, NK
GTGATGTGTTAGAGTA-1_3, gdT
GTGCACGAGTGCACCC-1_3, Mast
GTGCACGGTGGTCTGC-1_3, Th1
GTGCGTGAGTATGAGT-1_3, gdT
GTGCTGGCAGAATGTA-1_3, Naive
GTGCTGGTCAAGCTTG-1_3, gdT
GTGGAGAAGTTCCATG-1_3, gdT
GTGGCGTAGTAATACG-1_3, gdT
GTGGGAAAGTTTCGAC-1_3, Th2
GTGTCCTCACTAGTAC-1_3, Naive
GTGTCCTGTTGCGTAT-1_3, Naive
GTGTCCTTCAAGAATG-1_3, Naive
GTGTGGCAGAATTTGG-1_3, gdT
GTGTGGCCACTACGGC-1_3, Th1
GTGTTAGGTTGATGTC-1_3, Th2
GTTACCCGTCGCTCGA-1_3, NK
GTTCTATGTATAGGGC-1_3, Th1
GTTCTATGTCTAGTGT-1_3, gdT
GTTGCTCCAAAGAACT-1_3, Naive
GTTGCTCTCAGCTGAT-1_3, Th1
GTTTGGATCCAGCTCT-1_3, Naive
TAACACGAGCAACTCT-1_3, Naive
TAACCAGCAAGGTCAG-1_3, gdT
TAACGACGTAGATGTA-1_3, Th2
TAAGCACTCGACGCGT-1_3, Naive
TAAGCCATCCCTTGGT-1_3, NK
TAAGTCGAGCTATCCA-1_3, Prolif.T
TAATCTCCAGATAAAC-1_3, Naive
TACCCACGTTCTCCTG-1_3, gdT
TACCTCGCACCGGCTA-1_3, Prolif.T
TACCTCGGTAGCTAAA-1_3, NK
TACCTGCAGCAAACAT-1_3, Mast
TACCTGCGTCAAAGTA-1_3, Th1
TACCTGCTCGTAACTG-1_3, gdT
TACGCTCCAAGGCAAC-1_3, Naive
TACGCTCCACCCGTAG-1_3, Naive
TACGGGCAGGCCTTGC-1_3, Th1
TACGGGCAGTCGGCCT-1_3, Th1
TACGGTAAGTAACGTA-1_3, NK
TACTGCCGTAGGTTTC-1_3, Naive
TACTGCCTCCGCAAAT-1_3, Th1
TACTTGTAGGTTACCT-1_3, Naive
TACTTGTGTTGTTGAC-1_3, gdT
TAGATCGAGAAGGTAG-1_3, Th2
TAGATCGAGCCACCGT-1_3, NK
TAGATCGAGCTACGTT-1_3, gdT
TAGATCGCAGGACTAG-1_3, Naive
TAGCACAAGATCGCCC-1_3, Prolif.T
TAGCACATCGGTCAGC-1_3, Naive
TAGGAGGAGAGTCTTC-1_3, gdT
TAGGAGGAGGTGGTTG-1_3, Naive
TAGGTACAGTCTGGAG-1_3, Naive
TATACCTAGCATTGAA-1_3, Th2
TATCCTAGTATCTTCT-1_3, NK
TATTGCTGTTGCCAAT-1_3, gdT
TATTGGGCAACTCGAT-1_3, Naive
TCACACCCAATCCTTT-1_3, Naive
TCACGCTTCACTTGGA-1_3, NK
TCACGCTTCATTGCGA-1_3, Prolif.T
TCACTATGTTACCTTT-1_3, gdT
TCACTCGTCGCGGACT-1_3, Naive
TCAGCAAAGTCAGCGA-1_3, Prolif.T
TCAGCAATCATCTACT-1_3, Th2
TCAGTCCTCTACGGGC-1_3, NK
TCAGTGATCTCTAAGG-1_3, Prolif.T
TCAGTTTCAGCTGAAG-1_3, Prolif.T
TCAGTTTTCATTATCC-1_3, gdT
TCATACTCATAATGCC-1_3, Th2
TCATATCGTCCACGCA-1_3, NK
TCATCCGGTTCCTACC-1_3, Th1
TCATGGATCTGTTGGA-1_3, Naive
TCATTCACAACACGAG-1_3, Th1
TCATTGTCAGTTTCGA-1_3, Th1
TCATTGTTCCATCAGA-1_3, Naive
TCCACGTGTGGCATCC-1_3, Naive
TCCAGAATCAGACCCG-1_3, Prolif.T
TCCATCGAGAAGAACG-1_3, Th2
TCCATGCCAAGTGCAG-1_3, Naive
TCCATGCCACGCTGAC-1_3, NK
TCCCATGGTTCTCCTG-1_3, Naive
TCCGAAAAGTCAGAGC-1_3, Th1
TCCTCCCCAACATCGT-1_3, Th1
TCCTCCCCATATAGCC-1_3, gdT
TCCTCGACAATCTGCA-1_3, gdT
TCCTGCATCTCTATGT-1_3, Th2
TCGACCTGTATGCTTG-1_3, Naive
TCGACGGCAGTGACCC-1_3, Prolif.T
TCGATTTTCCGTACGG-1_3, Naive
TCGCACTTCCGATCGG-1_3, gdT
TCGCAGGCACGGTAGA-1_3, gdT
TCGCTCAAGGTGATAT-1_3, Naive
TCGCTCAGTTCTAACG-1_3, gdT
TCGGATAAGCAATTAG-1_3, Th1
TCGGATATCTGCTTTA-1_3, gdT
TCGGTCTAGGTAGCAC-1_3, gdT
TCGTAGACAAGAGTTA-1_3, Th1
TCGTGCTGTAAGATTG-1_3, gdT
TCGTGGGAGCGCCTCA-1_3, NK
TCTAACTTCTCAACGA-1_3, Th1
TCTACCGTCATTGAGC-1_3, Prolif.T
TCTATACAGAAGTCCG-1_3, gdT
TCTATACTCTCTATGT-1_3, Prolif.T
TCTATCAAGACAACAT-1_3, gdT
TCTCACGGTTCCGTTC-1_3, Th1
TCTCACGGTTGTGTTG-1_3, Th1
TCTCAGCTCCACTTTA-1_3, gdT
TCTCTGGTCACTCACC-1_3, Th2
TCTGCCACACAGAGCA-1_3, NK
TCTGCCATCCAGTTCC-1_3, Th2
TCTTAGTCAGTCCGTG-1_3, gdT
TCTTAGTCATCATTTC-1_3, NK
TCTTCCTCACTCAAGT-1_3, Mast
TCTTCCTCACTGATTG-1_3, Naive
TCTTCCTCAGTATACC-1_3, NK
TCTTCCTTCTTCGTGC-1_3, NK
TCTTGCGAGGTGCTAG-1_3, Naive
TCTTGCGCACATGACT-1_3, Naive
TGAACGTTCTTTGATC-1_3, NK
TGAATGCCATAACTCG-1_3, Th1
TGAATGCTCTTTCCGG-1_3, Th1
TGAGACTTCCGCGAGT-1_3, gdT
TGAGCATCAGCAGTTT-1_3, Mast
TGAGGGAAGGACAAGA-1_3, NK
TGAGGTTGTTCAGCTA-1_3, NK
TGATCTTGTCTGTGGC-1_3, NK
TGATTCTCACTTGAGT-1_3, Naive
TGATTCTTCCTCGATC-1_3, Naive
TGCAGATAGTCGAAGC-1_3, Naive
TGCAGATCACTGGCGT-1_3, NK
TGCAGGCAGGAGCAAA-1_3, Th2
TGCAGGCAGGGCATGT-1_3, Th1
TGCAGTAAGGCGTTGA-1_3, Naive
TGCAGTAGTTGTTTGG-1_3, Th1
TGCATCCCACTCTGCT-1_3, Naive
TGCATCCGTGGCTACC-1_3, Naive
TGCGACGTCTGCATGA-1_3, Th1
TGCGATACATCGAACT-1_3, Th1
TGCTCGTAGATCGGTG-1_3, Prolif.T
TGCTTCGCAATAGTCC-1_3, gdT
TGGAACTAGCTCATAC-1_3, Naive
TGGAACTGTAGCCCTG-1_3, NK
TGGAACTGTGTGTCCG-1_3, Naive
TGGAGAGCAATGAACA-1_3, gdT
TGGAGGAGTCGGAACA-1_3, Th1
TGGATCAAGAACTTCC-1_3, NK
TGGATCAAGTCCCGGT-1_3, Mast
TGGATGTAGCGCCCAT-1_3, Naive
TGGATGTCAATCTCTT-1_3, Prolif.T
TGGCGTGAGGGACCAT-1_3, Th1
TGGGCTGCACAGCATT-1_3, Th1
TGGGCTGTCTCCGCAT-1_3, Naive
TGGTAGTGTAACACCT-1_3, NK
TGTAACGAGGCCTGCT-1_3, Naive
TGTAACGTCACAAGGG-1_3, gdT
TGTAAGCCAGGCTATT-1_3, NK
TGTAAGCTCCGTAGGC-1_3, NK
TGTACAGGTCATATGC-1_3, Th1
TGTCAGATCCGTATAG-1_3, NK
TGTCCACAGGAGGGTG-1_3, Naive
TGTCCACGTCACTCGG-1_3, NK
TGTCCACGTTTGAAAG-1_3, NK
TGTCCTGCACAGTGTT-1_3, Prolif.T
TGTGATGGTAAGAACT-1_3, Naive
TGTGATGTCACATACG-1_3, gdT
TGTGCGGAGGCATCAG-1_3, Th1
TGTGCGGCACTACAGT-1_3, NK
TGTGCGGCATGGCGCT-1_3, Th2
TGTGGCGAGGGAGATA-1_3, Naive
TGTGGCGCAAAGGCGT-1_3, NK
TGTGTGAAGCAATAGT-1_3, NK
TGTGTGACAGAGACTG-1_3, gdT
TGTTACTGTAAGGCTG-1_3, NK
TGTTCCGCAAGCTCTA-1_3, NK
TGTTCTATCATTTGTC-1_3, Th1
TGTTGAGAGCTCGACC-1_3, NK
TGTTGGAGTGACATCT-1_3, Naive
TGTTGGATCGATACGT-1_3, NK
TGTTTGTTCTTAGCAG-1_3, gdT
TGTTTGTTCTTAGCTT-1_3, gdT
TTAATCCTCATACGGT-1_3, Naive
TTACAGGAGATCCTAC-1_3, Naive
TTACAGGCAGATCACT-1_3, Naive
TTACGCCAGCGTCTCG-1_3, NK
TTACGCCGTAACGTTC-1_3, Naive
TTACTGTCATAGAAAC-1_3, NK
TTAGGGTCAAAGGGCT-1_3, Naive
TTAGGGTGTTCTCCAC-1_3, Naive
TTATTGCTCAGACATC-1_3, Mast
TTCAATCAGTCACTCA-1_3, Naive
TTCAATCCAATCTCTT-1_3, Mast
TTCAATCCACTGAGGA-1_3, Prolif.T
TTCAGGATCCGCAAAT-1_3, Mast
TTCAGGATCGACCATA-1_3, NK
TTCATTGGTACGAGTG-1_3, Naive
TTCCAATCAACGTAAA-1_3, Th2
TTCCGTGCACCATATG-1_3, NK
TTCCTAAGTAGCACAG-1_3, gdT
TTCCTAATCCTACCAC-1_3, Prolif.T
TTCCTTCAGTCATAGA-1_3, gdT
TTCGATTGTTGCAACT-1_3, NK
TTCTAGTGTACCCGAC-1_3, Th2
TTCTCTCGTGGAAGTC-1_3, NK
TTGAACGAGCGGACAT-1_3, Mast
TTGCCTGAGTATGACA-1_3, Naive
TTGCTGCGTAGGCAGT-1_3, Naive
TTGCTGCGTTCGGTAT-1_3, gdT
TTGGATGAGAGCACTG-1_3, gdT
TTGGATGGTCACGACC-1_3, gdT
TTGGGCGGTCCAGTTA-1_3, Naive
TTGGTTTAGATGAACT-1_3, NK
TTGTGTTAGCGAGTCA-1_3, gdT
TTGTGTTAGCGCGTTC-1_3, NK
TTGTTCAAGTTGAAGT-1_3, Th1
TTTACCAAGACGGATC-1_3, NK
TTTACCAGTGCATCTA-1_3, NK
TTTACTGGTAAGTTAG-1_3, gdT
TTTCACAGTCCGGTCA-1_3, Naive
TTTCACATCGGAGTAG-1_3, NK
TTTCATGTCTCGCTTG-1_3, NK
TTTCGATGTGTCATTG-1_3, Th1
TTTGACTCAGAGCGTA-1_3, Th1
TTTGATCGTGGACTGA-1_3, NK
TTTGGTTAGAAAGTCT-1_3, Naive
AAACCCACAATGAACA-1_4, gdT
AAACGAAGTCAGCTTA-1_4, Naive
AAACGAAGTTCGAGCC-1_4, Th1
AAAGAACCATCCGTGG-1_4, Th1
AAAGGATAGTGTTCCA-1_4, Naive
AAAGTCCGTCCGGACT-1_4, Naive
AAATGGAGTCCAGCCA-1_4, Naive
AACAAAGTCGTGTTCC-1_4, Th1
AACAACCGTGTGTCCG-1_4, NK
AACAAGAGTATAGCTC-1_4, Th1
AACAAGAGTTGGCCTG-1_4, NK
AACCAACCAGTGTACT-1_4, Naive
AACCAACTCCATGAGT-1_4, Naive
AACCACAAGAATTGCA-1_4, Th1
AACCATGAGTTACGGG-1_4, Th1
AACCCAAAGCGCTTCG-1_4, Naive
AACCCAACAAGTGGGT-1_4, Naive
AACCCAACATGAGATA-1_4, Th1
AACCTGATCTTTGGAG-1_4, Naive
AACGAAACATGCCGCA-1_4, Th1
AACGTCATCCATAAGC-1_4, Naive
AAGAACAGTCCTCAGG-1_4, Th1
AAGACTCAGAATCGTA-1_4, Th1
AAGCATCAGAAACTGT-1_4, Mast
AAGCATCGTATTCTCT-1_4, Th2
AAGCGAGCAGAAGCTG-1_4, gdT
AAGCGTTCACAAGTGG-1_4, Th1
AAGCGTTCATCAACCA-1_4, Th1
AAGGTAACAATATCCG-1_4, Th1
AAGGTAATCTTTGGAG-1_4, Th1
AAGTACCAGAGCTGAC-1_4, NK
AAGTACCGTCCTGGGT-1_4, Th1
AAGTACCGTTACGATC-1_4, Mast
AAGTCGTTCATACAGC-1_4, Naive
AAGTTCGGTAACACCT-1_4, Naive
AAGTTCGGTCTTTCAT-1_4, Th1
AATAGAGCAGGCACTC-1_4, Th1
AATAGAGTCAGGACAG-1_4, Th1
AATCACGGTTCACGAT-1_4, Th1
AATCACGTCCGTCACT-1_4, gdT
AATGACCAGGTTGTTC-1_4, Naive
AATGCCACAGGTTTAC-1_4, Naive
AATGGAAAGGGTCTTT-1_4, Naive
AATGGCTCAAGGTCAG-1_4, Th1
AATGGCTGTATCGGTT-1_4, gdT
AATTCCTCAGAATTCC-1_4, Th1
AATTTCCAGCAAGTGC-1_4, Prolif.T
AATTTCCTCGGCCCAA-1_4, Naive
ACAAAGAAGGCACAAC-1_4, Th1
ACAACCAGTTTGAACC-1_4, Th1
ACAAGCTCAACGCATT-1_4, NK
ACAAGCTCATTAGGAA-1_4, Th2
ACACTGACAATCTCTT-1_4, Th1
ACAGAAAAGAAGTGTT-1_4, Th1
ACATCCCGTTTCCCAC-1_4, Mast
ACATGCATCGGCTGAC-1_4, Th1
ACCAAACTCTATCCAT-1_4, Mast
ACCCTCACAACATACC-1_4, Th1
ACCCTTGCATACCACA-1_4, Th1
ACCTACCTCCTCTGCA-1_4, Th1
ACCTGTCTCCACAGGC-1_4, Th1
ACGATCAAGGTGCGAT-1_4, NK
ACGCACGGTCCTGAAT-1_4, Naive
ACGGAAGAGGACAACC-1_4, Th1
ACGGTCGAGAGGCGGA-1_4, Th1
ACGGTTACAACAGAGC-1_4, Naive
ACGTCCTTCAGGGATG-1_4, Th1
ACTACGACATACAGGG-1_4, Th1
ACTACGAGTGACAGCA-1_4, NK
ACTATTCGTGCCTTTC-1_4, NK
ACTGATGGTCGGTGTC-1_4, Th1
ACTGTCCGTATCTTCT-1_4, Th1
ACTGTGAAGACTTGTC-1_4, Mast
ACTGTGACACCAAATC-1_4, Prolif.T
ACTTAGGCAAGATCCT-1_4, Th1
ACTTAGGCAGCAATTC-1_4, Th1
ACTTAGGGTCTCCCTA-1_4, gdT
ACTTTCAGTGACGCCT-1_4, Th1
AGAAATGAGTTTCAGC-1_4, Th1
AGAAATGCAGTCGTTA-1_4, Prolif.T
AGAACCTGTACACTCA-1_4, Naive
AGACACTTCTCTAGGA-1_4, Naive
AGACAGGAGCCGTTGC-1_4, NK
AGACCCGGTTCGGGTC-1_4, Th1
AGAGAGCAGTAACGAT-1_4, Naive
AGAGCAGCACTAGAGG-1_4, Th1
AGAGCCCTCCCATGGG-1_4, NK
AGATCCAGTATGCGGA-1_4, Naive
AGATGAAGTTATAGCC-1_4, NK
AGATGAATCAGCTAGT-1_4, Th1
AGCATCAAGGCATGCA-1_4, NK
AGCCAATAGTGGTTAA-1_4, Th2
AGCCACGGTATTGACC-1_4, NK
AGCGCTGCATCCGGTG-1_4, Th1
AGCGTATTCATGACAC-1_4, Th1
AGCTTCCAGCTCATAC-1_4, Th1
AGCTTCCGTCGGTAAG-1_4, Th1
AGGACGACATTGCTTT-1_4, Naive
AGGACTTTCGCGGTAC-1_4, Naive
AGGATCTAGTGTCATC-1_4, Th2
AGGATCTGTTGGTACT-1_4, gdT
AGGCATTAGACGCCCT-1_4, Naive
AGGCTGCGTTGGTAGG-1_4, NK
AGGGAGTGTGATGAAT-1_4, Th1
AGGGCCTCAACAGTGG-1_4, Prolif.T
AGGGCTCCAAAGGCTG-1_4, Th1
AGGGTCCTCATCCCGT-1_4, Th1
AGGGTTTCACTCCGAG-1_4, gdT
AGGTCATAGTATGGAT-1_4, gdT
AGGTGTTAGTCATGGG-1_4, Naive
AGGTGTTGTGTTGACT-1_4, Naive
AGGTTACAGTGGAATT-1_4, Th1
AGGTTACCAGATCACT-1_4, Mast
AGGTTGTAGTAGAATC-1_4, gdT
AGTACTGAGACATAAC-1_4, Naive
AGTCATGTCTCTATGT-1_4, Prolif.T
AGTGATCCAAGGGTCA-1_4, Naive
AGTGTTGCAAATGATG-1_4, Th1
AGTTCCCAGTGTACAA-1_4, gdT
AGTTCGAAGGCAATGC-1_4, Th1
ATACCTTCACTAGTAC-1_4, Mast
ATACCTTTCACTGCTC-1_4, Naive
ATAGACCCATCAGTCA-1_4, Th1
ATAGACCGTCCTCCTA-1_4, gdT
ATAGACCGTGCGCTCA-1_4, Th1
ATAGACCGTGTACAGG-1_4, NK
ATAGAGATCTCTTGCG-1_4, Naive
ATAGGCTGTGTGTCGC-1_4, Th1
ATAGGCTTCAAACCCA-1_4, Th1
ATCACGAGTGACCTGC-1_4, Th1
ATCACGATCCTGTTGC-1_4, Th1
ATCACTTAGGACTTCT-1_4, Th1
ATCAGGTTCCTCTCGA-1_4, Th1
ATCCACCTCGGCATTA-1_4, NK
ATCCATTGTTGCACGC-1_4, Th1
ATCCATTTCAGTCTTT-1_4, NK
ATCCCTGAGGGTGAAA-1_4, Th1
ATCCCTGAGTAGTCCT-1_4, Th1
ATCCCTGCAAGCTGTT-1_4, Th1
ATCGATGCATGCTGCG-1_4, Th1
ATCGGCGCACATAACC-1_4, Th1
ATCGTCCCATGAATAG-1_4, NK
ATCGTCCTCTCTCGCA-1_4, Th2
ATCGTGAAGTACCGGA-1_4, Th1
ATCGTGAGTTACAGCT-1_4, Mast
ATCTCTATCCCATTCG-1_4, Mast
ATCTCTATCGTCGGGT-1_4, Prolif.T
ATCTTCACACTGCTTC-1_4, NK
ATGAGGGGTGCCTTTC-1_4, Naive
ATGAGTCCAAATGGTA-1_4, Prolif.T
ATGATCGAGACTCAAA-1_4, Th1
ATGATCGGTACCGCGT-1_4, Th1
ATGCGATCAACCGATT-1_4, Th1
ATGGATCAGATGTAGT-1_4, Th1
ATGGATCTCAATGTCG-1_4, NK
ATGGATCTCTTAAGGC-1_4, Th1
ATGGTTGCACAAGGTG-1_4, NK
ATGGTTGCAGAAGCTG-1_4, Th1
ATGTCTTCAATAGTGA-1_4, NK
ATTACCTTCATGGTAC-1_4, Naive
ATTACTCGTTACCCTC-1_4, Th2
ATTATCCAGATGCCGA-1_4, gdT
ATTATCCAGGTGCAGT-1_4, Th1
ATTATCCCATTGAAGA-1_4, NK
ATTCACTAGACAGCTG-1_4, Th1
ATTCAGGAGGGAGGCA-1_4, Naive
ATTCAGGGTCTCAAGT-1_4, Th1
ATTCCATAGCTCCATA-1_4, Naive
ATTCCATTCAAGAATG-1_4, Th1
ATTCGTTCATGAAGCG-1_4, Th1
ATTCGTTTCGATTCCC-1_4, Th1
ATTCTACCAAGCTACT-1_4, NK
ATTCTACGTACAACGG-1_4, Th1
ATTCTACGTTCCACAA-1_4, Th1
ATTGTTCGTAGTCGGA-1_4, Th1
ATTGTTCGTTGTTTGG-1_4, Th1
ATTTACCTCTTCCACG-1_4, Naive
ATTTCTGGTAACGTTC-1_4, Naive
CAAAGAAGTTGCTCCT-1_4, NK
CAACCAAGTACGTGTT-1_4, Mast
CAACGATGTCGAAACG-1_4, NK
CAACGGCAGAGGTTAT-1_4, Th1
CAACGGCGTCGATTCA-1_4, Mast
CAAGACTAGGTACTGG-1_4, Th1
CAAGAGGGTTCTCTCG-1_4, NK
CAAGCTACACGAGAAC-1_4, gdT
CAATACGTCGTCGCTT-1_4, Naive
CAATGACAGTTACGTC-1_4, NK
CAATTTCAGATCCAAA-1_4, NK
CAATTTCGTAAGCAAT-1_4, Th1
CACAACATCCGTTGGG-1_4, NK
CACACAATCAGGTAAA-1_4, Th1
CACATGAAGCTCCATA-1_4, Naive
CACCGTTTCACTTATC-1_4, gdT
CACGAATGTCCTCCAT-1_4, gdT
CACGTGGGTCGACGCT-1_4, NK
CACGTGGGTGTGTACT-1_4, Prolif.T
CACGTTCAGGCCTAGA-1_4, Th1
CACTAAGCATGACTAC-1_4, Th1
CACTGAATCTGGACTA-1_4, gdT
CACTTCGAGGCCCGTT-1_4, Th1
CACTTCGCACGGTGAA-1_4, Th2
CAGAGCCTCAAGTCTG-1_4, NK
CAGATACCATCCGAAT-1_4, Th1
CAGCCAGAGCGCCTAC-1_4, NK
CAGCGTGGTGCCTTTC-1_4, NK
CAGGCCACAGTGTACT-1_4, Th1
CAGGCCAGTCAGGTGA-1_4, Th1
CAGGGCTAGGCCTAAG-1_4, NK
CAGGTATTCGTCAGAT-1_4, Th1
CAGTGCGTCTAGTACG-1_4, Th1
CAGTTCCGTCTGATAC-1_4, Naive
CATACCCGTCTCAGGC-1_4, Mast
CATCCGTAGGTGTGAC-1_4, NK
CATCGGGAGAGGCGGA-1_4, Th1
CATCGTCCATGACAGG-1_4, Th2
CATCGTCGTACGACTT-1_4, Mast
CATGAGTTCCACCTCA-1_4, Naive
CATGCAACAGTGTATC-1_4, Th1
CATGCAATCAGCAATC-1_4, Prolif.T
CATGCCTTCTGACAGT-1_4, Naive
CATGCGGCAGCTATAC-1_4, Th1
CATGCGGGTCTAATCG-1_4, Th1
CATGCTCGTGTATACC-1_4, Mast
CATGGATAGAACTTCC-1_4, Prolif.T
CATGGATTCAGTCATG-1_4, NK
CATTCCGAGCACAAAT-1_4, Th1
CATTCCGCAGCGTTTA-1_4, Th1
CATTCTAAGCTGTTAC-1_4, Prolif.T
CATTGAGCACACGTGC-1_4, Prolif.T
CATTGAGCACATGAAA-1_4, Th2
CATTGAGTCCGCACGA-1_4, Mast
CCAAGCGCATGTCTAG-1_4, gdT
CCACAAAGTCAATGGG-1_4, Th1
CCACACTGTCCATACA-1_4, Mast
CCACCATCAATCTAGC-1_4, Th1
CCACGAGTCGGCACTG-1_4, Th1
CCATAAGAGCCTGCCA-1_4, Th1
CCATAAGAGGGCGAAG-1_4, Th1
CCATCACGTACATTGC-1_4, Naive
CCCAACTAGCAGCGAT-1_4, Th1
CCCAACTCAATGTGGG-1_4, Naive
CCCGAAGGTCTGTGAT-1_4, Th1
CCCGGAACAAGGTCGA-1_4, NK
CCCGGAACAGTAGATA-1_4, Naive
CCCTAACCACTCAAGT-1_4, Th1
CCCTCTCAGAAGGCTC-1_4, Prolif.T
CCCTCTCAGCCTGAGA-1_4, NK
CCCTCTCAGTTCGCAT-1_4, NK
CCCTGATAGGTAGTAT-1_4, Th1
CCCTGATTCAGGACGA-1_4, Th1
CCGGACATCATTCGGA-1_4, NK
CCGGGTAAGAGTGACC-1_4, Th1
CCGGGTAGTGCTGATT-1_4, Th1
CCGGGTATCGAGCTGC-1_4, NK
CCGGTAGGTTGCTCAA-1_4, Th1
CCGTAGGCACAGTACT-1_4, Th1
CCGTTCAGTTCGTAAC-1_4, Th1
CCTAACCAGTGGTTGG-1_4, Prolif.T
CCTAACCGTCATGGCC-1_4, Th1
CCTAAGATCTCTCGCA-1_4, NK
CCTACGTTCCACTTTA-1_4, gdT
CCTCACAAGGCAGTCA-1_4, Mast
CCTCATGAGTTGCCTA-1_4, Th1
CCTCCAATCACCCTTG-1_4, Th1
CCTCCTCTCGTTGTTT-1_4, Th1
CCTCTCCAGCAGTACG-1_4, Th1
CCTCTCCCACTGATTG-1_4, Th1
CCTCTCCCAGCTGGTC-1_4, Th1
CCTCTCCTCAAGCCAT-1_4, NK
CCTCTCCTCTGGTCAA-1_4, Naive
CCTTCAGCAACGGGTA-1_4, NK
CCTTCAGTCCATATGG-1_4, Th1
CGAAGGAAGAATAACC-1_4, NK
CGAAGGATCTCTCTAA-1_4, Th1
CGAATTGTCAGCCCAG-1_4, Mast
CGAGAAGAGAGATCGC-1_4, Prolif.T
CGAGAAGGTTACCTTT-1_4, Naive
CGAGGAAAGTAGGATT-1_4, NK
CGAGGAAGTGATCGTT-1_4, Naive
CGAGGAATCTCATTGT-1_4, gdT
CGAGGCTAGACCATTC-1_4, Th1
CGAGGCTTCTGTCGTC-1_4, Th1
CGAGTTAGTGAGATCG-1_4, Th1
CGATCGGCAACCAACT-1_4, Th1
CGATGGCGTCAGACTT-1_4, Th2
CGATGGCTCACCTCAC-1_4, Th1
CGATGGCTCGGCTGAC-1_4, Th1
CGCAGGTGTCCACTCT-1_4, NK
CGCATAATCGGTAGAG-1_4, gdT
CGCCAGAGTCCCAAAT-1_4, Prolif.T
CGCCAGAGTGTCTAAC-1_4, Th1
CGCCAGAGTTGCTGAT-1_4, Naive
CGCCAGATCAAGCTGT-1_4, Th1
CGCGTGAGTGACAACG-1_4, Naive
CGGACACTCCTCGATC-1_4, Th1
CGGAGAAAGCGCAATG-1_4, Th1
CGGCAGTCACCGTGCA-1_4, Prolif.T
CGGGACTTCCTAAGTG-1_4, gdT
CGGGCATAGTATGGCG-1_4, NK
CGGGTCATCGTCAAAC-1_4, Th1
CGTAAGTAGCGTTACT-1_4, NK
CGTAATGCAACCCTCT-1_4, NK
CGTCCATAGGATGGCT-1_4, Th1
CGTTCTGAGGCGATAC-1_4, Th1
CTAACCCCAGTGGCTC-1_4, Th1
CTAAGTGGTTGACTAC-1_4, Prolif.T
CTACAGAAGACGGTCA-1_4, gdT
CTACAGATCAATCGGT-1_4, Th1
CTACCCAAGCGTTCAT-1_4, NK
CTACGGGTCAGAGCAG-1_4, Th1
CTACTATAGAGTCTTC-1_4, Th1
CTAGACACATGACGTT-1_4, Th1
CTAGGTACAACATACC-1_4, NK
CTAGGTACATCGATAC-1_4, Prolif.T
CTATCTATCTGACCCT-1_4, Mast
CTATCTATCTGCTGAA-1_4, Th1
CTCAACCTCGGTTAGT-1_4, Th1
CTCAATTAGCCTCTGG-1_4, Naive
CTCAATTGTCGCCACA-1_4, gdT
CTCAGGGTCATGCATG-1_4, Th1
CTCATCGGTCGTACTA-1_4, gdT
CTCATGCAGTGGTGGT-1_4, Naive
CTCCAACTCATTGCCC-1_4, Th1
CTCCATGAGAGGACTC-1_4, Naive
CTCCATGAGGTCATAA-1_4, Naive
CTCCATGGTATAGCTC-1_4, Prolif.T
CTCCCAAAGTTTCTTC-1_4, Th1
CTCCCAATCTATCGGA-1_4, NK
CTCCCTCCAATTGCTG-1_4, NK
CTCCGATGTGACAGCA-1_4, Naive
CTCCTTTGTGTAGGAC-1_4, Prolif.T
CTCTCAGAGATGCAGC-1_4, Th1
CTCTCGATCGCGCTGA-1_4, Th1
CTCTGGTCAGACACAG-1_4, Th1
CTCTGGTCAGGGAATC-1_4, Th1
CTCTGGTTCGTCCTCA-1_4, Naive
CTGAATGAGGGAGTTC-1_4, Th1
CTGATCCCAAAGGCTG-1_4, Th1
CTGATCCCACTTCAGA-1_4, Th1
CTGCAGGCACCGTACG-1_4, Naive
CTGCAGGTCTGACGCG-1_4, Naive
CTGCATCGTGGGCTTC-1_4, Naive
CTGCGAGGTGTTCATG-1_4, Th1
CTGCTCATCCGACATA-1_4, Naive
CTGGCAGGTCACCCTT-1_4, Th1
CTGTACCGTGCAACGA-1_4, Th1
CTGTATTCACCGTCGA-1_4, NK
CTGTATTCAGATCCTA-1_4, Mast
CTGTATTGTCGGCACT-1_4, Prolif.T
CTGTATTGTTAAAGTG-1_4, Prolif.T
CTGTGAAGTATCAGGG-1_4, Th1
CTGTGAAGTCGCATGC-1_4, NK
CTTCAATCATATGAAG-1_4, Prolif.T
CTTCCGAGTCGAAACG-1_4, NK
CTTCGGTGTTAGCGGA-1_4, Naive
CTTGAGATCCGAGGCT-1_4, NK
CTTTCGGCACCAGCCA-1_4, Th1
CTTTCGGCAGGACGAT-1_4, Th1
CTTTCGGTCATGGGAG-1_4, Naive
GAAGAATAGGGACCAT-1_4, gdT
GAAGAATAGTGCCAGA-1_4, Mast
GAAGAATGTCAACCAT-1_4, NK
GAAGCGAAGACGCCCT-1_4, Naive
GAAGGGTCATCGATAC-1_4, Naive
GAATAGATCACGTAGT-1_4, Th1
GAATCACAGCATACTC-1_4, Naive
GAATCACCAAGAGTTA-1_4, Naive
GACAGCCCATGAGGGT-1_4, NK
GACCCAGTCCGCAAAT-1_4, Prolif.T
GACCCTTAGACCCTTA-1_4, Th1
GACCCTTAGACCGCCT-1_4, Th1
GACCTTCAGGTGCATG-1_4, NK
GACCTTCCATCAGCAT-1_4, Th1
GACGCTGAGCATGCAG-1_4, Th1
GACGCTGCACGGCCAT-1_4, Th1
GACTGATGTTATCTTC-1_4, Th1
GACTTCCAGGTAAGAG-1_4, NK
GACTTCCGTCAAAGAT-1_4, Prolif.T
GAGAAATTCATTACCT-1_4, Naive
GAGACCCGTGAGATAT-1_4, NK
GAGACCCTCAGCATTG-1_4, Th1
GAGACTTCAGGTCAGA-1_4, Th1
GAGACTTCATAGAGGC-1_4, Mast
GAGAGGTCACTCCCTA-1_4, Th1
GAGATGGAGACCCTTA-1_4, Th1
GAGATGGCACAATGTC-1_4, NK
GAGCCTGAGTGAGTGC-1_4, Th1
GAGCTGCTCTACGCGG-1_4, Th1
GAGGCCTTCCTGGGAC-1_4, NK
GAGTCTAAGTGCCAGA-1_4, gdT
GAGTCTATCGCAGTTA-1_4, Naive
GAGTTACAGTCGTTAC-1_4, Th1
GAGTTACAGTGAGGTC-1_4, Mast
GATAGCTAGTAAACTG-1_4, Th1
GATAGCTCATCATCTT-1_4, Th1
GATAGCTTCAGGACAG-1_4, gdT
GATCACAAGAAATCCA-1_4, Th1
GATCACAAGTGCTAGG-1_4, Mast
GATCACAGTACATACC-1_4, NK
GATCAGTAGTATAGAC-1_4, Th1
GATCAGTTCTGTACAG-1_4, Th1
GATCATGAGATCCTAC-1_4, Naive
GATCATGGTCTTGAAC-1_4, Th1
GATCATGTCGAGTTGT-1_4, Mast
GATCCCTTCTTACGGA-1_4, NK
GATCGTAAGCCTGCCA-1_4, Th1
GATGAGGAGTTCCGTA-1_4, Th1
GATGTTGGTGGCGCTT-1_4, NK
GATTCGAGTAACTAAG-1_4, Th1
GATTGGTCACAACATC-1_4, Th1
GATTTCTAGAGGGTAA-1_4, Prolif.T
GATTTCTTCACCTCGT-1_4, Th1
GCAACATAGTGCGTCC-1_4, Th1
GCAACATCACATTGTG-1_4, NK
GCACGTGCACAATTCG-1_4, gdT
GCACTAACAGGAACCA-1_4, Th1
GCAGCCAGTACTAAGA-1_4, Naive
GCAGCTGGTAACATCC-1_4, Prolif.T
GCAGTTACATGATCTG-1_4, Th1
GCAGTTATCCTCTTTC-1_4, NK
GCATCGGAGACTACCT-1_4, Prolif.T
GCATCGGGTTGCTCCT-1_4, gdT
GCATGATCAGAGATTA-1_4, Naive
GCATTAGGTGTATCCA-1_4, Th1
GCCAACGAGGCATCAG-1_4, NK
GCCAACGCATTGCTGA-1_4, Th1
GCCAACGGTTCACCGG-1_4, Prolif.T
GCCAGGTAGGGAGGTG-1_4, Naive
GCCAGGTAGTGCAACG-1_4, NK
GCCATGGAGATGGTCG-1_4, NK
GCCCGAACATATAGCC-1_4, Mast
GCCGATGAGAATTCAG-1_4, Naive
GCCGATGGTGTCTTGA-1_4, Th1
GCCGTGAGTTAAGCAA-1_4, gdT
GCGATCGTCGCCTTTG-1_4, Mast
GCGTGCAAGCCAAGGT-1_4, Th1
GCTACCTGTACCGTCG-1_4, gdT
GCTCAAAGTACCCACG-1_4, Th1
GCTGAATAGCTTACGT-1_4, Th1
GCTGCAGAGCAGCACA-1_4, Th1
GCTGCAGGTACGACTT-1_4, Th1
GCTGGGTTCACTGGGC-1_4, Th1
GGAAGTGAGAGGTGCT-1_4, Th1
GGAATCTCAAATCGTC-1_4, Th1
GGAATGGCACGCGCAT-1_4, Th1
GGAATGGGTGAAGCTG-1_4, Prolif.T
GGACGTCTCGTCCTTG-1_4, gdT
GGAGAACAGAGGTATT-1_4, Th2
GGAGAACTCATAGCAC-1_4, Naive
GGAGATGTCTTCGGTC-1_4, Th1
GGAGGTATCTAAGAAG-1_4, Naive
GGATGTTGTGATTCAC-1_4, NK
GGCAGTCAGTCCTACA-1_4, NK
GGCTGTGAGGGTATAT-1_4, Th2
GGCTTGGGTAACACCT-1_4, Th1
GGCTTTCCAACAGCTT-1_4, Naive
GGCTTTCGTATACGGG-1_4, Th1
GGGAAGTCAAGAATGT-1_4, Th1
GGGAAGTGTATCTTCT-1_4, Th2
GGGAAGTGTGAGGCAT-1_4, Th1
GGGAAGTTCACCGCTT-1_4, Th1
GGGACAAAGAATGTTG-1_4, Th1
GGGACCTAGACATACA-1_4, Naive
GGGACCTCAGGAGACT-1_4, Naive
GGGACCTTCATTCGGA-1_4, Th1
GGGAGATCAAGTCGTT-1_4, Th1
GGGAGATCAGGGATAC-1_4, NK
GGGAGATCAGTTAGAA-1_4, NK
GGGAGTAAGTGAGGCT-1_4, gdT
GGGAGTACACGCGCTA-1_4, Prolif.T
GGGATCCGTCGCCTAG-1_4, Naive
GGGCCATGTGCGTTTA-1_4, Naive
GGGCCATTCTGAATCG-1_4, Th1
GGGCGTTGTCGTGCCA-1_4, Naive
GGGCTCAAGTGCGACA-1_4, Th1
GGGTATTCACGGCGTT-1_4, Naive
GGGTCACGTCGTGATT-1_4, NK
GGGTCTGTCCGAACGC-1_4, Th1
GGGTTTAGTCTTAGTG-1_4, NK
GGTAATCCATAACGGG-1_4, Th1
GGTAGAGCAATGCAAA-1_4, Th1
GGTAGAGGTTCCAAAC-1_4, Naive
GGTGAAGTCTGGACTA-1_4, Naive
GGTGATTGTAACGATA-1_4, Mast
GGTGGCTCATTCGATG-1_4, gdT
GGTTAACGTGCCAAGA-1_4, Th1
GGTTAACTCGAAGCAG-1_4, Prolif.T
GGTTCTCTCAGGTGTT-1_4, NK
GTAACACTCAACTCTT-1_4, Prolif.T
GTAACCAAGGCAGGTT-1_4, gdT
GTACAGTCAAGGCGTA-1_4, Th1
GTAGAAAAGGACCCAA-1_4, Th1
GTAGAAACACGCGTGT-1_4, NK
GTAGATCTCTTACGGA-1_4, NK
GTAGCTACAGCTGAAG-1_4, Th1
GTAGTACAGGTCATTC-1_4, Naive
GTATTGGGTGAATAAC-1_4, Th2
GTATTTCTCGCCATAA-1_4, Naive
GTCAAACCATCCAATG-1_4, gdT
GTCAAGTGTAAGGCTG-1_4, Th1
GTCATCCGTCCGATCG-1_4, gdT
GTCATGAAGAAGCGGG-1_4, Th2
GTCATGACATCCGTTC-1_4, Th1
GTCATTTGTCGCAACC-1_4, Prolif.T
GTCATTTGTGAATTAG-1_4, Th1
GTCCACTCAGAGTCTT-1_4, NK
GTCCCATGTGATAGTA-1_4, Th1
GTCGAATGTATCGCAT-1_4, Th1
GTCGAATGTTCCTTGC-1_4, Th1
GTCTAGAGTCACCACG-1_4, NK
GTCTCACAGGAAGTCC-1_4, Th1
GTGAGCCCAGGTCAGA-1_4, Naive
GTGAGCCGTGTCATGT-1_4, Th1
GTGAGCCGTGTCCAAT-1_4, NK
GTGAGCCGTGTCCCTT-1_4, Th1
GTGAGCCTCACTACGA-1_4, NK
GTGAGCCTCCTTTAGT-1_4, Th1
GTGAGGAGTCGCGTTG-1_4, Th1
GTGAGGATCACCACAA-1_4, gdT
GTGCACGTCGGAACTT-1_4, Th1
GTGCAGCAGATACAGT-1_4, Prolif.T
GTGCGTGTCCTGGGTG-1_4, Naive
GTGCTTCAGCCGAACA-1_4, Th1
GTGCTTCTCCCGAAAT-1_4, NK
GTGCTTCTCGGCAGTC-1_4, Th1
GTGGAGATCTTTGCTA-1_4, Mast
GTGGGAAGTGGCTACC-1_4, Naive
GTGTCCTGTCCAATCA-1_4, Prolif.T
GTGTCCTGTCGTTGCG-1_4, gdT
GTGTGGCTCACTGTCC-1_4, Th1
GTGTTCCGTGCATCTA-1_4, NK
GTTACAGAGGCCCAAA-1_4, Th1
GTTACAGGTGGCTACC-1_4, Mast
GTTAGACTCATCTGTT-1_4, Naive
GTTAGTGCATCATGAC-1_4, Th1
GTTAGTGTCACTCGAA-1_4, Th1
GTTATGGAGACTCATC-1_4, NK
GTTATGGGTAAGATCA-1_4, NK
GTTCATTAGGCTAACG-1_4, Th1
GTTCATTGTCGATTAC-1_4, Prolif.T
GTTGCGGGTGGATACG-1_4, Prolif.T
GTTGTAGAGCTAGAGC-1_4, Th1
GTTGTAGGTGTTCGAT-1_4, NK
GTTTACTGTAAGGTCG-1_4, Naive
GTTTACTTCAGAGTTC-1_4, Th1
TAACACGCACCGTACG-1_4, Th1
TAACACGGTGAGGCAT-1_4, Th1
TAACCAGCAATAGTAG-1_4, NK
TAACCAGTCTAGCATG-1_4, Th1
TAACTTCGTATTTCTC-1_4, Th1
TAATCTCCACGGGTAA-1_4, NK
TAATCTCCAGCGTACC-1_4, Th1
TACACCCGTCGCAGTC-1_4, Naive
TACACCCTCCACGGAC-1_4, Th1
TACCCACGTGGGATTG-1_4, NK
TACCCGTCAGACCCGT-1_4, Th1
TACCGAAAGTGGTTAA-1_4, NK
TACCGGGGTTCCAAAC-1_4, Th1
TACGCTCCAGCATACT-1_4, Mast
TACGGGCTCCAAATGC-1_4, Th1
TACGGTAAGAGGGTAA-1_4, Th1
TACGTCCGTTGCCGAC-1_4, Th1
TACTTACAGGCTCTAT-1_4, NK
TACTTACCAATGGCCC-1_4, Th1
TAGACCAGTTATGTGC-1_4, Th1
TAGACTGAGATCCTAC-1_4, gdT
TAGAGTCAGCTATCTG-1_4, Th1
TAGAGTCAGGTTACCT-1_4, Th1
TAGGTACTCGTAACAC-1_4, Naive
TAGGTTGTCTTGTTAC-1_4, NK
TATACCTCACGCAGTC-1_4, Th1
TATCAGGGTGGTCCCA-1_4, Th1
TATCCTATCCTGCCAT-1_4, NK
TATCGCCGTCGCGTTG-1_4, Naive
TATCTGTTCGCGTTTC-1_4, NK
TATCTGTTCGCTGCGA-1_4, Th1
TATCTTGTCGCAGTCG-1_4, Naive
TATTGCTAGCGCCTTG-1_4, NK
TCAAGACCAGCTATTG-1_4, Th1
TCAAGACGTGGGTCAA-1_4, Prolif.T
TCAAGCAGTAGGGAGG-1_4, Th1
TCACACCAGAGACAAG-1_4, gdT
TCACACCAGCACTCGC-1_4, Naive
TCACATTGTCACGACC-1_4, NK
TCACGCTCAAGTTCCA-1_4, Mast
TCAGTCCGTCCAGGTC-1_4, Th1
TCATACTTCCATTTCA-1_4, Naive
TCATCATTCCGCAGTG-1_4, NK
TCATCCGCACCCTTGT-1_4, NK
TCATCCGTCTTGAGCA-1_4, Naive
TCATTGTCACCAGCGT-1_4, Naive
TCATTTGGTTGGGTTT-1_4, Prolif.T
TCCACCATCGCTAAAC-1_4, Th1
TCCACGTCACCGTGCA-1_4, Th1
TCCATCGGTCCGAAGA-1_4, NK
TCCCACAAGTAGCATA-1_4, Naive
TCCCACATCGGCTGTG-1_4, Th1
TCCCATGCATCCCACT-1_4, NK
TCCCATGTCAAGTGTC-1_4, Th1
TCCTAATCAGTAGTTC-1_4, Th1
TCCTCCCCAACTTGCA-1_4, Naive
TCCTGCAAGGACGCAT-1_4, gdT
TCCTGCATCCCTCATG-1_4, Th1
TCCTGCATCTGTCAGA-1_4, NK
TCGACCTTCGAGCACC-1_4, Th2
TCGCAGGTCCATCAGA-1_4, Th1
TCGCTCAAGTAACCGG-1_4, Th1
TCGCTCAAGTTTCTTC-1_4, Th1
TCGGGCAGTCACTAGT-1_4, NK
TCGGTCTGTTCTCGCT-1_4, Th1
TCGTAGATCCTTGAAG-1_4, gdT
TCGTCCAAGTAACGAT-1_4, NK
TCGTCCATCAGCTGAT-1_4, Th1
TCGTGCTAGGCAGTCA-1_4, Naive
TCGTGCTCACCAGTAT-1_4, Th1
TCGTGCTCATCTGTTT-1_4, NK
TCGTGCTTCGTTCGCT-1_4, Th1
TCTAACTAGCTCGACC-1_4, Th1
TCTAACTGTACAAGTA-1_4, Th1
TCTAACTGTATGGTAA-1_4, Th1
TCTCACGCAGGACTTT-1_4, NK
TCTCACGTCTTGAACG-1_4, Naive
TCTCTGGAGGAAAGTG-1_4, NK
TCTGGCTAGATCGACG-1_4, Th1
TCTTCCTCAACCTAAC-1_4, gdT
TCTTGCGAGGTCATCT-1_4, NK
TCTTGCGCAGAACTAA-1_4, Th1
TGAACGTGTCGTTTCC-1_4, Th1
TGACAGTGTATACCTG-1_4, Naive
TGACGCGTCATCTGTT-1_4, Th1
TGAGACTAGAGCCGAT-1_4, Prolif.T
TGAGGAGTCGTCCTTG-1_4, gdT
TGAGGTTGTTTGGGTT-1_4, Prolif.T
TGATCAGGTTAGCTAC-1_4, Th1
TGATCAGTCTCAACCC-1_4, Th1
TGATGGTAGAACCGCA-1_4, Th1
TGATTCTGTCATGGCC-1_4, NK
TGATTTCGTGGGATTG-1_4, NK
TGATTTCGTTCGATTG-1_4, Prolif.T
TGCACGGTCGAACGGA-1_4, Naive
TGCAGATAGCAACTCT-1_4, Th1
TGCAGTAAGTCTTGGT-1_4, Th1
TGCAGTACAGTAGATA-1_4, Th1
TGCATGACACTTACAG-1_4, Mast
TGCATGAGTGCGACAA-1_4, Th1
TGCATGATCAGGGATG-1_4, Th1
TGCGATAAGAGCATCG-1_4, Th1
TGCGATAGTCCCGGTA-1_4, Prolif.T
TGCGGGTGTACTCCCT-1_4, Prolif.T
TGCTCCAAGGCTATCT-1_4, Th2
TGCTCGTCACTGTGTA-1_4, Th1
TGCTCGTTCACGAACT-1_4, gdT
TGCTGAACAAGGGTCA-1_4, Th1
TGCTGAACAGCTAACT-1_4, NK
TGCTGAATCAACCTTT-1_4, Th1
TGCTTCGCATGCCGCA-1_4, Th1
TGGAACTCAGCGCGTT-1_4, Th1
TGGAGGAAGAGGCGGA-1_4, Prolif.T
TGGAGGAGTCAAACGG-1_4, NK
TGGATGTGTAGTGGCA-1_4, Th1
TGGATGTTCGAAATCC-1_4, Th1
TGGCGTGGTTGCCGAC-1_4, Prolif.T
TGGGAAGTCAAGTGGG-1_4, gdT
TGGGATTGTAAGGTCG-1_4, NK
TGGGATTGTTCCGGTG-1_4, Th1
TGGGCTGAGCATCCTA-1_4, Naive
TGGGCTGAGTAGACCG-1_4, NK
TGGGTTATCGAACGCC-1_4, Naive
TGGTACAAGGCATGCA-1_4, Naive
TGGTACATCCAACTAG-1_4, Th1
TGGTTAGAGCCTCCAG-1_4, Naive
TGTAAGCCAGAACATA-1_4, Th1
TGTACAGAGACATCAA-1_4, NK
TGTAGACGTCTACATG-1_4, Th1
TGTAGACTCGTGCAGC-1_4, gdT
TGTCAGAAGACGGAAA-1_4, Th1
TGTCCCAGTATGAAGT-1_4, Naive
TGTCCTGGTCGAATTC-1_4, gdT
TGTGAGTAGGACCCAA-1_4, Naive
TGTGAGTCAGACACAG-1_4, NK
TGTGAGTGTTTGGAAA-1_4, NK
TGTGATGAGAAGTATC-1_4, Naive
TGTGCGGCACAGCCAC-1_4, Prolif.T
TGTGCGGGTGTGTTTG-1_4, Naive
TGTGCGGTCACCATAG-1_4, Prolif.T
TGTTCATAGCCTATCA-1_4, Th1
TGTTCCGTCTACACAG-1_4, Th1
TGTTGAGCACATGTTG-1_4, Th1
TGTTGGATCTCGCTCA-1_4, NK
TTACAGGGTATCGAGG-1_4, Th1
TTACCATTCTGGACTA-1_4, Th1
TTACCGCCATCGCTGG-1_4, Naive
TTACCGCTCTATTTCG-1_4, Th1
TTACGTTAGGGAACAA-1_4, Th2
TTACGTTGTATGCTAC-1_4, Th2
TTACTGTTCCGCGATG-1_4, gdT
TTAGGCACAAGCCCAC-1_4, Th1
TTAGTCTCAACCAACT-1_4, NK
TTCACGCGTAGCGAGT-1_4, Naive
TTCAGGATCCAACTAG-1_4, NK
TTCCAATGTGAATAAC-1_4, Naive
TTCCAATGTGTCCAAT-1_4, Th1
TTCCAATTCGTAGAGG-1_4, Th1
TTCCTAAAGCTTACGT-1_4, Th1
TTCCTCTGTTCACCGG-1_4, Th1
TTCCTTCCATGGGTCC-1_4, NK
TTCGCTGTCAGCTCTC-1_4, Naive
TTCGGTCGTGCCGTTG-1_4, Th1
TTCGGTCGTTACACAC-1_4, Th1
TTCGGTCTCTTGAACG-1_4, Prolif.T
TTCTAACAGCTAAGTA-1_4, Th1
TTCTCTCGTGACCTGC-1_4, Prolif.T
TTCTCTCTCATTGTGG-1_4, Th1
TTCTGTACAGCAGTGA-1_4, gdT
TTCTGTATCTGCATAG-1_4, Th1
TTCTTGAAGCGCAATG-1_4, Th1
TTGAACGCAGCCCACA-1_4, Prolif.T
TTGAGTGTCATCGTAG-1_4, Prolif.T
TTGAGTGTCTGTGCTC-1_4, Prolif.T
TTGCCTGAGTCTAGAA-1_4, NK
TTGCTGCTCATAGCAC-1_4, NK
TTGGTTTCATCATTTC-1_4, Th1
TTGGTTTTCTATTCGT-1_4, Mast
TTGTGTTAGTTCCATG-1_4, NK
TTGTGTTTCGAACCTA-1_4, Mast
TTGTTCACATACCATG-1_4, Naive
TTGTTCACATCAGTGT-1_4, gdT
TTGTTGTCAAGTCCAT-1_4, Naive
TTGTTGTGTTTCGTTT-1_4, Th1
TTTACCAAGCCTATCA-1_4, Th1
TTTACCAAGTGAGGCT-1_4, Th1
TTTACGTGTGTAACGG-1_4, Th1
TTTACTGGTGGACTGA-1_4, Th1
TTTAGTCTCTGAGCAT-1_4, Naive
TTTATGCTCACCCTTG-1_4, NK
TTTCGATCACCTCTGT-1_4, NK
TTTGACTTCCGAGAAG-1_4, gdT
TTTGATCAGATGAATC-1_4, gdT
TTTGGAGGTTGCTGAT-1_4, NK
