"","Tcells"
"1","ACACAGTGTGAGACCA-1_1"
"2","CTGCCATGTATCTCGA-1_1"
"3","GCAACCGAGCAAATCA-1_1"
"4","TCGCTCACACAGCATT-1_1"
"5","ACTGTGACACCAAATC-1_4"
"6","AGAAATGCAGTCGTTA-1_4"
"7","AGGGCCTCAACAGTGG-1_4"
"8","AGTCATGTCTCTATGT-1_4"
"9","ATCTCTATCGTCGGGT-1_4"
"10","CACGTGGGTGTGTACT-1_4"
"11","CATGGATAGAACTTCC-1_4"
"12","CATTCTAAGCTGTTAC-1_4"
"13","CCTAACCAGTGGTTGG-1_4"
"14","CGAGAAGAGAGATCGC-1_4"
"15","CGGCAGTCACCGTGCA-1_4"
"16","CTAAGTGGTTGACTAC-1_4"
"17","CTCCATGGTATAGCTC-1_4"
"18","CTCCTTTGTGTAGGAC-1_4"
"19","CTTCAATCATATGAAG-1_4"
"20","GACCCAGTCCGCAAAT-1_4"
"21","GCATCGGAGACTACCT-1_4"
"22","GCCAACGGTTCACCGG-1_4"
"23","GGGAGTACACGCGCTA-1_4"
"24","GGTTAACTCGAAGCAG-1_4"
"25","GTAACACTCAACTCTT-1_4"
"26","GTCATTTGTCGCAACC-1_4"
"27","GTTCATTGTCGATTAC-1_4"
"28","TCAAGACGTGGGTCAA-1_4"
"29","TGAGACTAGAGCCGAT-1_4"
"30","TGAGGTTGTTTGGGTT-1_4"
"31","TGCGATAGTCCCGGTA-1_4"
"32","TGCGGGTGTACTCCCT-1_4"
"33","TGTGCGGCACAGCCAC-1_4"
"34","TTGAACGCAGCCCACA-1_4"
"35","TTGAGTGTCTGTGCTC-1_4"
